intuneAppId,cleanTitle,cleanPublisher,displayVersion,platform,packagingStatus,isAssigned,assignmentCount,assignedIntents,msiProductCode,sizeFormatted,fileName,sourceSharePath,matchStatus,matchedModelId
616e52a1-38cd-4ff0-83cd-e9a78525c8db,.Net Data Provider For Teradata,Teradata,20.00.05,windows,Packaged & Ready,true,2,available,{41C8ACC0-562C-4959-A51E-F73EA42668B7},20.67 MB,IntunePackage.intunewin,,MATCHED_BASE_MODEL,title_fe67c673a9163402ccf5
5be976e9-92dd-4ba4-8e83-a760354c495a,.NET Framework,Microsoft,4.8.1,windows,Packaged & Ready,true,2,available,,74.26 MB,IntunePackage.intunewin,,UNMATCHED_NEW_MODEL,
09631dd5-208c-4f96-9bba-a3838f6d55dc,.NET SDK Demo,IDTech,3.2.005,windows,Packaged & Ready,true,2,available,{B98C5D91-4E73-4FDE-98F1-826971C86649},11.99 MB,Deploy-Application.intunewin,,MATCHED_BASE_MODEL,title_717975a9dbd86a8c03a8
68708f0c-63f5-47df-b7a3-5f462eff2e52,123Scan Utility,Zebra Technologies,6.00.0014,windows,Packaged & Ready,true,2,available,{E41FB616-16CC-474A-B1ED-B671E3EB4748},538.83 MB,IntunePackage.intunewin,,UNMATCHED_NEW_MODEL,
78998083-7344-4f77-85c8-ed82c2deb93c,Account Exclude Maintenance,Noble Systems,8.1.2,windows,Packaged & Ready,true,2,available,,5.44 MB,Deploy-Application.intunewin,\\I7WP2EM3dst0001\TempApplicationSource\NobleSystems_AccountExcludeMaintenance_8.1.2.12\,MATCHED_BASE_MODEL,title_24aa982c9f010c0f77fc
bcf5cbdc-48e4-487d-aaa0-6425d97b07fb,ACI Desktop,ACI,3.0.0,windows,Packaged & Ready,true,2,available,,77.58 MB,Deploy-Application.intunewin,\\I7WP2EM3DST0001.fead.one\ApplicationSource\ACI_ACIDesktop_3.0\,MATCHED_BASE_MODEL,title_d23e49802f04424cabb8
7018588b-0058-4a00-9936-6b74142e5dea,Acrolinx Content Analyzer,Acrolinx,2.6.0,windows,Packaged & Ready,true,2,available,{4CAF3E98-6D09-4205-A171-C65850800F06},96.49 MB,IntunePackage.intunewin,,MATCHED_BASE_MODEL,title_9ccd84470111721724b6
b4d77adc-47de-4ac7-bad0-ddd2118e985f,Acrolinx for Adobe FrameMaker,Acrolinx,1.5.1296,windows,Packaged & Ready,true,2,available,{D82D8F77-C38C-4D1E-A1EB-EFE34069A4AE},42.95 MB,Deploy-Application.intunewin,,MATCHED_BASE_MODEL,title_ba0e1cf22082fa793a3b
89651811-32a8-4471-9612-f1a2a1d06166,Acrolinx For Madcap Flare,Acrolinx,1.6.1060,windows,Packaged & Ready,true,2,available,{49088345-397B-4495-AA8A-BCB3085E42BB},3.82 MB,Deploy-Application.intunewin,,MATCHED_BASE_MODEL,title_e2ccea7a280bbb487eca
664c65d4-c520-44d2-a996-caee4d7eb971,Acrolinx For Office,Acrolinx,1.6.1153,windows,Packaged & Ready,true,2,available,{B29A1421-C6F5-43ED-982D-F1FEFDCC6B36},5.41 MB,IntunePackage.intunewin,,MATCHED_BASE_MODEL,title_55eea4c48b1951f2fdd2
d9d209b4-5f6e-4cec-89d8-ea45f739949c,Acrolinx For Office,Acrolinx,1.6.1153,windows,Packaged & Ready,true,2,available,{17C8C6C2-EA25-4E1B-8529-61ABDFE59CF7},5.71 MB,IntunePackage.intunewin,,MATCHED_BASE_MODEL,title_55eea4c48b1951f2fdd2
87963085-e2e5-4488-a5fb-76e0803a759a,ActOne Designer,Actimize,6.6.2,windows,Packaged & Ready,true,1,available,{1D1C0A12-E0D9-486E-AEA6-CFF221A6FA47},39.02 MB,IntunePackage.intunewin,,UNMATCHED_NEW_MODEL,
ac4e2410-9662-4fd6-83cf-1ace5605da08,ADS1996,Fiserv,19.70.0,windows,Packaged & Ready,true,2,available,{6BAD46EA-6852-4099-AE10-D1CA1931552C},15.19 MB,IntunePackage.intunewin,,MATCHED_BASE_MODEL,title_8c769b9fff6899cd0857
8445d438-1aeb-453b-95bf-a0e161488e6b,Advanced Printer Driver,Epson,4.59.0100,windows,Packaged & Ready,true,2,available,{45479ED7-742C-43B4-BAF4-4079EB942839},14.63 MB,IntunePackage.intunewin,,MATCHED_BASE_MODEL,title_34f86cc1d4db06a11b4c
075c48c0-a951-4319-aa7e-7d99e8f4ee4f,AFP Workbench Viewer,Ricoh,3.09.0,windows,Packaged & Ready,true,2,available,{EE899171-9FBD-4650-A1C2-A937342B57A9},43.59 MB,IntunePackage.intunewin,,MATCHED_BASE_MODEL,title_4f08596709a8d2d7734e
d97aefab-447e-4ea2-8d81-35fa85e1a6fb,AI Buddy,QualityKiosk,1.0.0,windows,Packaged & Ready,true,2,available,,97.53 MB,Invoke-AppDeployToolkit.intunewin,\\I7WP2EM3DST0001.fead.one\TempApplicationSource\QualityKiosk_AIBuddy_1.0.0.90,UNMATCHED_NEW_MODEL,
ad8a5f25-c381-46be-b766-17aa98a29a16,Air Media,Crestron,5.9.1,windows,Packaged & Ready,true,2,available,,20.60 MB,IntunePackage.intunewin,,UNMATCHED_NEW_MODEL,
329f1e3e-15b7-4439-af3f-776499ac9d44,AirServer,AppDynamic,5.7.1,windows,Packaged & Ready,true,2,available,{2BB3CDE9-7904-4B7E-A506-6D64BAADC223},19.41 MB,IntunePackage.intunewin,,UNMATCHED_NEW_MODEL,
4776c941-b3d0-436c-bdde-15bc5d3cff30,ALM Client Launcher,OpenText,4.5.0.0,windows,Packaged & Ready,true,2,available,{40ED3F6B-3A4B-45DA-9D89-8EE16FBACEA6},2.80 MB,Deploy-Application.intunewin,,MATCHED_BASE_MODEL,title_a194767e92995189dacf
6f3c1963-71a8-469f-af1f-96b75959f1e6,AlmToolKit,AlmToolKit,5.1.11,windows,Packaged & Ready,true,2,available,,273.35 MB,Deploy-Application.intunewin,,MATCHED_BASE_MODEL,title_d5bf8a492d6f97a45352
f2f679d0-c927-45a3-9e05-b22563e8d0b2,Alteryx Designer,Alteryx,2025.1.2,windows,Packaged & Ready,false,0,,{746B4F82-DBAB-42A2-807C-FB0687C8CF9C},968.39 MB,Deploy-Application.intunewin,,MATCHED_BASE_MODEL,title_be2bf0dfd8ed7bc84108
39febaa9-5b8e-42f9-a41b-50009307312b,Alteryx Designer 2023,Alteryx,23.1.1,windows,Packaged & Ready,false,0,,{0327CB52-1AE2-4614-B81B-CC438704652E},731.50 MB,IntunePackage.intunewin,,UNMATCHED_NEW_MODEL,
78935587-6f31-49ef-8bf9-c24e07613a7b,Alteryx Intelligence Suite,Alteryx,2025.1.2.2102,windows,Packaged & Ready,true,3,available,{F0B33C91-FAED-4243-906A-6184BA0B17A2},2412.96 MB,Invoke-AppDeployToolkit.intunewin,,MATCHED_BASE_MODEL,title_643fd400577ada06f933
b19a35ff-7054-44c7-9aef-17714e992ded,Alteryx Predictive Tools with R,Alteryx,4.4.0,windows,Packaged & Ready,true,1,available,{7AB9608B-D3CD-4DD2-8459-8FFDDCC54577},373.86 MB,Invoke-AppDeployToolkit.intunewin,\\I7WP2EM3DST0001.fead.one\ApplicationSource\Alteryx_AlteryxPredictiveToolswithR_4.4.0,MATCHED_BASE_MODEL,title_a084af57057628afd3e0
bb3e2d6a-b944-4c96-8760-b6c0fef5a934,Alteryx SharePoint,Alteryx,2.7.2,windows,Packaged & Ready,true,2,available,,86.12 MB,IntunePackage.intunewin,,MATCHED_BASE_MODEL,title_793dd32a8fabaa59f241
5aa5e2eb-87c3-485f-a7ae-28f342bbd8ed,Altium Designer 25,Altium Limited,25.8.1,windows,Packaged & Ready,true,2,available,,6344.63 MB,Deploy-Application.intunewin,,UNMATCHED_NEW_MODEL,
70afd808-ca74-49e5-8f18-01df07c5eb38,Amazon Chime,AmazonServices,5.23.31941,windows,Packaged & Ready,true,2,available,,102.30 MB,IntunePackage.intunewin,,UNMATCHED_NEW_MODEL,
24758eaa-a0ec-4b22-a3c8-656aca26ce08,Amplifai Recording,AMPLIFAI SOLUTIONS,3.2.3,windows,Packaged & Ready,true,2,available,{2FEE4C4E-5340-4070-9D02-FFE1F9F5AABF},88.23 MB,Deploy-Application.intunewin,,UNMATCHED_NEW_MODEL,
ba2c8426-13bb-4608-bdd3-d58962d34655,AnLink,AnLink,3.10_v2.0,windows,Packaged & Ready,true,2,available,,34.23 MB,Deploy-Application.intunewin,,MATCHED_BASE_MODEL,title_18496f48f8c09564a368
f87a49df-f1c0-4553-b11a-9dd3b96749ab,Ant,Apache Software Foundation,1.10.14,windows,Packaged & Ready,true,2,available,,113.15 MB,IntunePackage.intunewin,,UNMATCHED_NEW_MODEL,
8e74699f-6104-438d-9298-e62ddb13bfa8,AOS Active Directory Service,Fiserv,1.0.0.0,windows,Packaged & Ready,true,3,available,,1.09 MB,IntunePackage.intunewin,,MATCHED_BASE_MODEL,title_052daa624719fc1ad55d
f0e77dad-7c1b-4ea4-9aee-704c41e8ab60,AOS Application Manager,Fiserv,1.0.0,windows,Packaged & Ready,true,2,available,,1.38 MB,IntunePackage.intunewin,,MATCHED_BASE_MODEL,title_c2cb0aa8fd35afd8f21e
6b6e4c0d-9705-4f29-8f3a-ebd5f80b0af3,AOS Console,Fiserv,1.0.0,windows,Packaged & Ready,true,2,available,,7.31 MB,IntunePackage.intunewin,,MATCHED_BASE_MODEL,title_ef83cec3df22446f091d
92647be7-cbe8-4346-a8a9-d81a19544610,AOS Login Service,Fiserv,1.0.0.0,windows,Packaged & Ready,true,2,available,,1.07 MB,IntunePackage.intunewin,,MATCHED_BASE_MODEL,title_59955be8c9cbc81feb00
3df61d81-095b-4061-9a62-c4aa7c27bdce,AOS MIS App,Fiserv,1.0.0,windows,Packaged & Ready,true,3,uninstall;available,,35.89 MB,IntunePackage.intunewin,,UNMATCHED_NEW_MODEL,
840d220f-caff-4637-bf16-3b78a0b155d5,AOS My Queue Export App,Fiserv,2.0.0,windows,Packaged & Ready,true,2,available,,14.80 MB,IntunePackage.intunewin,,MATCHED_BASE_MODEL,title_cfa4eeced6d5f62e9440
1b85d758-5dd5-4f74-9407-b1180d22edf9,Apache Spark,Apache Software Foundation,4.1.1,windows,Packaged & Ready,true,2,available,,555.98 MB,Invoke-AppDeployToolkit.intunewin,\\I7WP2EM3dst0001\TempApplicationSource\ApacheSoftware_Spark_4.1.1,MATCHED_BASE_MODEL,title_ee147ef94fbc07924c8c
84b45163-7ef3-44da-8b9c-0bd23e983cc6,App Desktop,Fiserv,2.0.0,windows,Packaged & Ready,true,2,available,,142.25 MB,IntunePackage.intunewin,,MATCHED_BASE_MODEL,title_d27c29027550f996ab2f
30e7d748-4235-4260-a2ec-f4ce2b00e07e,Appium Inspector,Appium,2023.10.1,windows,Packaged & Ready,false,0,,,117.11 MB,IntunePackage.intunewin,,MATCHED_BASE_MODEL,title_5d70ec2e8c8cc68bed0c
5b472a17-abb4-4950-8a4b-6297492d4b4b,Appworx,Broadcom,9.4.2,windows,Packaged & Ready,true,2,available,,15.24 MB,IntunePackage.intunewin,,MATCHED_BASE_MODEL,title_c7c89d029fba8ed6e2ee
95ea2f6e-f665-401d-be5d-f39c2dcbd94d,Articulate 360 Desktop App,Articulate Global,1.84.3,windows,Packaged & Ready,true,2,available,{A9CE4422-1E6F-448A-AEBA-2F1CB5454478},35.57 MB,IntunePackage.intunewin,,UNMATCHED_NEW_MODEL,
10f92319-130f-4fe2-a946-e650acd7e2ca,AsTiffTagViewer,Aware Systems,2.00.0,windows,Packaged & Ready,true,2,available,,0.59 MB,IntunePackage.intunewin,,MATCHED_BASE_MODEL,title_b287e9bca14971789c11
60dc6010-70e4-4d6c-bc0b-339770faadba,Aternity Agent,Aternity,12.2.3.73,windows,Packaged & Ready,true,12,available;required,,49.79 MB,Deploy-Application.intunewin,\\I7WP2EM3DST0001.fead.one\ApplicationSource\Aternity,MATCHED_BASE_MODEL,title_f47cd1e702728ff9dfb8
479d8bc4-bdc5-4e80-9709-278b3421a771,Aternity_Agent_Install_12.2.3.73,Aternity,12.2.3.73,windows,Packaged & Ready,true,5,available;required,,49.53 MB,Deploy-Application.intunewin,,UNMATCHED_NEW_MODEL,
915c4b21-2fd9-4d4d-80d5-074246d382b8,Audacity,AudacityTeam,3.3.2,windows,Packaged & Ready,true,2,available,,16.68 MB,IntunePackage.intunewin,,UNMATCHED_NEW_MODEL,
8ddf5cfa-5179-4b40-9638-ce472e72e0b0,AuditBoard Sync,AuditBoard,2.8.3,windows,Packaged & Ready,true,5,available,,135.18 MB,Deploy-Application.intunewin,,UNMATCHED_NEW_MODEL,
8c86775c-ac8a-4c15-a28c-efac1bbf43e7,Austraclear Production,ASX,2.28.8 ,windows,Packaged & Ready,true,1,available,{8ED6031C-CAE3-4E82-A20F-C9F55AB386CE},21.85 MB,Deploy-Application.intunewin,,MATCHED_BASE_MODEL,title_74c9fcb4ee5e7052b301
2291daf7-5cdb-4c5a-97d0-f1920197b071,Austraclear Production SR20,ASX,2.28.8,windows,Packaged & Ready,true,1,available,{8019D96B-92A4-4541-8E65-B0DE581C6B08},21.82 MB,Deploy-Application.intunewin,,UNMATCHED_NEW_MODEL,
2bf5f413-8692-4b24-a095-b0d648a9a4a8,AuthentXware,XTec,3.01.57,windows,Packaged & Ready,true,2,available,{74218448-1112-4974-B0AF-7941B0883FC4},47.01 MB,IntunePackage.intunewin,,MATCHED_BASE_MODEL,title_4f68f92ef8910a42f7ae
2cdca144-5d68-4588-a7e2-2a53f8bab5fb,Authorizations GUI,Fiserv,3.0.4,windows,Packaged & Ready,true,2,available,,2.08 MB,IntunePackage.intunewin,,MATCHED_BASE_MODEL,title_d80f278670c616ba28ca
e75c0ebf-0f8b-4e0e-b271-577d3bb5920e,Authorizations GUI,Fiserv,3.1.0,windows,Packaged & Ready,true,2,available,,1.81 MB,IntunePackage.intunewin,,MATCHED_BASE_MODEL,title_d80f278670c616ba28ca
77c7488c-4b46-49a2-986c-cf9ba5ea1e58,Auths Tools Pack,Fiserv,1.14.1,windows,Packaged & Ready,true,2,available,{5568B787-D5A5-423F-947A-B61E5F39EF22},2.84 MB,IntunePackage.intunewin,,MATCHED_BASE_MODEL,title_dbb0fb0e5c68bcda91c0
4cefb40e-539c-4ba0-87ab-d92b1fe41a8d,Auto Code Generator,Fiserv,2024,windows,Packaged & Ready,true,2,available,,9.70 MB,Deploy-Application.intunewin,,MATCHED_BASE_MODEL,title_15687439f6accaa43d3b
fca3463b-9d4c-420d-b6ba-92fb67015efc,AWS SAM CLI,Amazon,1.138.0,windows,Packaged & Ready,true,2,available,{D1DBCFDF-8E35-4D04-876F-57D593A3A2B7},79.29 MB,IntunePackage.intunewin,,MATCHED_BASE_MODEL,title_d9c159b13f10294facc5
5645a1f5-a630-45b3-9353-3123e72406a9,Azure Cosmos DB Data Migration Tool,Microsoft,2.1.5,windows,Packaged & Ready,true,2,available,,50.17 MB,IntunePackage.intunewin,,MATCHED_BASE_MODEL,title_4f0f73bbe9eae0b93e00
10e7b4d4-7012-4e8c-a46f-1fd72090c7f7,Azure Cosmos DB Emulator,Microsoft,2.14.18,windows,Packaged & Ready,true,2,available,{460B21AB-57D8-4BC4-A7F0-EE1D1AC54F4B},453.08 MB,IntunePackage.intunewin,,MATCHED_BASE_MODEL,title_22c50316a8a6f39e4b58
9c596d97-2c8e-4a65-ac1c-06a5be1f5fb6,Azure DevOps Integration 2019,Microsoft,17.1,windows,Packaged & Ready,true,2,available,{27A2B7E7-B445-4372-A5B5-755FEBECB325},46.79 MB,IntunePackage.intunewin,,MATCHED_BASE_MODEL,title_499ed5b81e785f332199
58a6f36b-bfe9-4a8a-840d-423e2513a131,Azure PowerShell,Microsoft,11.5.0,windows,Packaged & Ready,true,2,available,,0.69 MB,IntunePackage.intunewin,,MATCHED_BASE_MODEL,title_23e8820b42910ff9721b
98d60470-a3be-4565-999f-c1d519ad0bf0,Azure Storage Explorer,Microsoft,1.39.0,windows,Packaged & Ready,true,2,available,{746B270C-5E45-41AA-BB5E-E81793FBD404},146.01 MB,Deploy-Application.intunewin,,MATCHED_BASE_MODEL,title_212f526c41e8184eb54c
83f5a99f-a3a7-4a93-8f70-dac8a28dbe2c,BATS,GitHub,1.12.0,windows,Packaged & Ready,true,2,available,,0.67 MB,Deploy-Application.intunewin,,MATCHED_BASE_MODEL,title_25e0b61e6ae83dc5f24e
7c8f56b8-0515-4bc0-b5dc-391bfd884563,Beeftext,Xavier Michelon,16.0.0,windows,Packaged & Ready,true,2,available,,9.60 MB,IntunePackage.intunewin,,UNMATCHED_NEW_MODEL,
6d06529a-29ca-4b02-8b19-4b44c5dc2921,Big-IP Edge Client For Fiserv,F5Network,72.22.1108,windows,Packaged & Ready,true,2,available,{6D4839CB-28B4-4070-8CA7-612CA92CA3D0},24.25 MB,Deploy-application.intunewin,,UNMATCHED_NEW_MODEL,
1cc5b84b-b897-4612-afee-be6e328e7a38,BIG-IP Edge Client For TIC,F5Networks,7247.2024.506.1332,windows,Packaged & Ready,true,2,available,{6D4839CB-28B4-4070-8CA7-612CA92CA3D0},26.61 MB,Deploy-Application.intunewin,,UNMATCHED_NEW_MODEL,
6620b0f3-c0e5-4a64-ae2a-d4123e5c0cd2,Bigfix,HCLTechnologies,11.0.2,windows,Packaged & Ready,true,2,available,{5BCD3823-CF78-4A9E-817B-8C822667A8EB},49.96 MB,IntunePackage.intunewin,,UNMATCHED_NEW_MODEL,
2eed1e2b-f344-44d2-8a52-fa4542f2384b,Bizagi Modeler,Bizagi,4.0.0014,windows,Packaged & Ready,true,2,available,{1369045C-B0F1-4A1C-B15E-50688170E048},587.73 MB,IntunePackage.intunewin,,MATCHED_BASE_MODEL,title_0fc01a719e2a21611df3
057c851e-c19e-43f9-8d25-30482fa1900f,Blaze Advisor,Fair Isaac,7.9,windows,Packaged & Ready,true,2,available,,619.95 MB,Blaze.intunewin,,UNMATCHED_NEW_MODEL,
f89985f0-b26b-447c-a7b6-1f1372d93e62,BMC AMI DevX Workbench For Eclipse,"BMC Software,",23.1.1,windows,Packaged & Ready,true,2,available,,2095.82 MB,IntunePackage.intunewin,,UNMATCHED_NEW_MODEL,
a4954ea4-3a6e-4d52-ae41-4e82e9efe619,BoldChat Operator Client,LogMeIn,15.2.6,windows,Packaged & Ready,true,4,uninstall;available,{D9A2837F-F1FA-4C30-8EC8-27910B470EB4},46.11 MB,IntunePackage.intunewin,,UNMATCHED_NEW_MODEL,
ac3c65a0-f40f-4913-8c45-acc2a2903f5e,BranchSuiteServices,Fiserv,24.1.0,windows,Packaged & Ready,true,3,available,{5D4C02B7-325A-46DA-AD98-7AC4F58346F5},3.14 MB,IntunePackage.intunewin,,MATCHED_BASE_MODEL,title_49a49104b5897eb05977
5f95e39e-9549-488d-94d6-2b6bf14d38a6,Brand Test Tool,Fime,5.8.0v2,windows,Packaged & Ready,true,2,available,,50.87 MB,IntunePackage.intunewin,,MATCHED_BASE_MODEL,title_89faaaad1415fc2b26a8
c9493150-3823-4984-ad54-4f3366a5dbd2,Brand Test Tool,fime,5.8.0,windows,Packaged & Ready,true,2,available,,212.83 MB,IntunePackage.intunewin,,MATCHED_BASE_MODEL,title_89faaaad1415fc2b26a8
11e42fc7-761a-4d7a-8be2-aea35c59c976,BS Services Cert,Fiserv,25.3.0,windows,Packaged & Ready,true,2,available,{EF810933-6E05-4966-B1B4-AF3E9D27BAD8},0.95 MB,Deploy-Application.intunewin,,MATCHED_BASE_MODEL,title_255773be5f0b9a98dbec
f46420da-094a-43b8-aa16-374bc4af489c,Burp Suite Community Edition,PortSwigger,2023.10.2,windows,Packaged & Ready,true,2,available,,269.29 MB,IntunePackage.intunewin,,MATCHED_BASE_MODEL,title_f3011bf6cae55c4d3176
61a6de2a-ab9b-409a-9a8c-52cc5dd3e8f3,BusinessObjects BI 4.3 SP4 Patch 5 Client Tools,SAP,14.3.4.4970,windows,Packaged & Ready,true,2,available,,2123.40 MB,Deploy-Application.intunewin,,MATCHED_BASE_MODEL,title_017edcf330966e2a76c0
73fe4bc8-93d6-4ec4-8e56-4aa80f555d3b,C-CURE 9000,Software House,2.90.5085,windows,Packaged & Ready,true,2,available,{9BA3C8DF-086E-43A2-A919-D114744D7358},2359.00 MB,IntunePackage.intunewin,,MATCHED_BASE_MODEL,title_b11a100fef9d2b83a43b
5c96f592-f8d8-4428-8afb-ca93268df404,CA Open Workbench,CA Technologies,2.1.2,windows,Packaged & Ready,false,0,,{1E9A9E08-0366-45EE-9B66-51852F8D9812},86.54 MB,IntunePackage.intunewin,,UNMATCHED_NEW_MODEL,
5f607b14-b357-4c90-abe7-5a8d8dbdac8b,Camunda Modeler,Camunda,5.44.0 ,windows,Packaged & Ready,true,2,available,,171.01 MB,Invoke-AppDeployToolkit.intunewin,\\I7WP2EM3DST0001.fead.one\ApplicationSource\Camunda_CamundaModeler_5.44.0\,MATCHED_BASE_MODEL,title_e49438048e112b159823
a3a7cb64-8a0d-4c5b-a1e4-3f181f6bb222,Card Activation PROD,Fiserv,2.0.11,windows,Packaged & Ready,true,2,available,{56F1734D-9F68-4CA2-93B6-E94F9A2C5316},1.59 MB,IntunePackage.intunewin,,MATCHED_BASE_MODEL,title_c7f75dca6070a167a637
cd4aa955-d970-4731-a5dd-5628da4d5d12,Card Activation PROD,Fiserv,2.0.14,windows,Packaged & Ready,true,2,available,{56F1734D-9F68-4CA2-93B6-E94F9A2C5316},6.21 MB,Deploy-Application.intunewin,\\I7WP2EM3DST0001.fead.one\ApplicationSource\FDC_CARDACT_2.0.14_PROD,MATCHED_BASE_MODEL,title_c7f75dca6070a167a637
db7bd72d-f10f-4308-84f7-fe2059ee4109,CardAct QAT,Fiserv,2.0.14,windows,Packaged & Ready,true,2,available,{7DE16948-78F8-4B73-8C09-1606A2EB3385},6.02 MB,CardACT-QAT.intunewin,,UNMATCHED_NEW_MODEL,
a4891b66-8a33-47ad-ad5c-38ba5071652b,CardInk Client,Cryptomathic,4.1.0,windows,Packaged & Ready,true,2,available,,13.98 MB,Invoke-AppDeployToolkit.intunewin,\\I7WP2EM3DST0001.fead.one\ApplicationSource\Cryptomathic_CardInkClient_4.1,MATCHED_BASE_MODEL,title_0df36ea1840481ce1004
fc4517e5-fb60-45ea-b0d0-a3e996a87dd2,Charles Proxy,XK72,5.0.3,windows,Packaged & Ready,true,2,available,{D0A828C8-B024-4FF6-A849-2FFA1B06AC15},341.20 MB,Deploy-Application.intunewin,,MATCHED_BASE_MODEL,title_160dc5cf07d8800db0c8
47b04a78-ffa5-4353-906f-9e2a5daceb3a,Check Point Endpoint Security VPN,Check Point Software,98.61.5912,windows,Packaged & Ready,true,2,available,{68D6E9E8-8A49-48DA-AA76-07F90BB73E81},28.50 MB,Deploy-Application.intunewin,,MATCHED_BASE_MODEL,title_4313669cc0f88c6ec361
2a6bd7ae-8575-499a-93f3-c6cfad791dd4,Check Point VPN,Check Point Software,98.61.2502,windows,Packaged & Ready,true,4,available,{D8B903E8-1DA9-4758-BD44-FEC47F7B3EAC},20.79 MB,Deploy-Application.intunewin,,UNMATCHED_NEW_MODEL,
e79768da-e3a3-446e-9fd4-9018dc26fb86,CID,Corporativo Merlos,10.2,windows,Packaged & Ready,true,2,available,{B35E1C8D-3A2F-4779-9EED-A92F9603B0B8},383.64 MB,Deploy-Application.intunewin,,MATCHED_BASE_MODEL,title_b823b340e2c7c30dbf9c
f7649b3e-8c75-413b-b530-c968a1ce18d3,Cisco Secure Client - AnyConnect VPN,"Cisco Systems, .",5.1.7.80,windows,Packaged & Ready,true,4,available,,20.09 MB,Deploy-Application.intunewin,,UNMATCHED_NEW_MODEL,
a3c95445-dc73-4204-aa80-84cd4ccd7bb7,CLareti 24 Integration Objects Studio,Gresham Technologies plc,4.12.9,windows,Packaged & Ready,true,2,available,,373.89 MB,Deploy-Application.intunewin,,UNMATCHED_NEW_MODEL,
5b9e013e-4d46-49f0-80f1-0c3466f3ac1d,Clear Touch Document Editor,Compliancesystem,4.6.0,windows,Packaged & Ready,true,2,available,,24.16 MB,IntunePackage.intunewin,,MATCHED_BASE_MODEL,title_fba038d018e7da1fd0e7
d18314b6-d168-44df-be0f-e9bd4a562290,Client360 Studio,Fiserv,1.2.20,windows,Packaged & Ready,true,2,available,{CFA4AD89-E215-4330-AFB2-655A8E34FB6C},165.13 MB,IntunePackage.intunewin,,MATCHED_BASE_MODEL,title_a037c77184b5d9e8af96
1991b687-6e6e-4d13-903c-189dafaa3070,Clink,ChristopherAntos,v1.4.23,windows,Packaged & Ready,true,2,available,,2.29 MB,IntunePackage.intunewin,,UNMATCHED_NEW_MODEL,
84d00b90-db2a-48b0-9d52-4b37eac18670,Cloud Foundry Foundation CLI,CloudFoundryFoundation,8.9.0,windows,Packaged & Ready,true,3,available,,8.10 MB,IntunePackage.intunewin,,UNMATCHED_NEW_MODEL,
45dcd362-50d9-4afa-a3e0-403f93c1dda3,CMake,Kitware,3.31.2,windows,Packaged & Ready,true,2,available,{FD126AB8-2455-4B60-AD8F-7FCE773A54C9},31.13 MB,IntunePackage.intunewin,,UNMATCHED_NEW_MODEL,
8e2cf7d3-0e14-4522-a9d7-1beac0656902,CMS Supervisor,Avaya,20.00.02,windows,Packaged & Ready,true,2,available,{E3D70A53-35BB-426B-8404-1DED4F47C94F},125.06 MB,IntunePackage.intunewin,,MATCHED_BASE_MODEL,title_a9a45672aca394561b6a
39bea63d-0fb4-44de-8ceb-bd7eaf992600,Coder Desktop,CoderTechnologies,0.6.3,windows,Packaged & Ready,true,2,available,,95.07 MB,Deploy-Application.intunewin,,UNMATCHED_NEW_MODEL,
2639ea90-49e3-4d59-8ded-eb152e1b53c8,Cognos Framework Manager,IBM,11.2.4,windows,Packaged & Ready,true,1,available,,1736.81 MB,IntunePackage.intunewin,,MATCHED_BASE_MODEL,title_0fa77964569e9a196ad5
054f7c37-84d1-42dc-b9ae-07afbfdd2299,ColetorDeEvidencias,Fiserv,1.0.0,windows,Packaged & Ready,true,2,available,{4EBBF1D6-E293-4027-8D9A-51CCB6677366},19.42 MB,Deploy-Application.intunewin,,MATCHED_BASE_MODEL,title_774832ea4f01564695b4
d1bdb093-c6b7-4cfe-adb3-b213e84c4787,Command Line Interface,CloudFoundryFoundation,8.17.0,windows,Packaged & Ready,true,3,available,,15.59 MB,Invoke-AppDeployToolkit.intunewin,,UNMATCHED_NEW_MODEL,
9245e54a-3a81-4fa4-a4e0-998301dd02e9,Communicator for Signature for CMDEV,Fiserv,25.1.0,windows,Packaged & Ready,true,2,available,,29.50 MB,Deploy-Application.intunewin,,MATCHED_BASE_MODEL,title_3a47791b1734ff3a394e
47ee580a-db75-49b5-be3d-3ebaccb305c1,Composer LaunchPad 2,Alvaria,118.20.8,windows,Packaged & Ready,true,2,available,,112.51 MB,Deploy-Application.intunewin,,MATCHED_BASE_MODEL,title_48d12bc73098cf58b999
fb71f5fc-1e8c-42d7-b05a-fd23a14e07b9,Configuration Manager Support Center,Microsoft,5.2309.1116.1000,windows,Packaged & Ready,true,4,available,{E8098B87-68EF-4326-8F65-4F0E453A4A06},6.22 MB,SupportCenterInstaller.intunewin,,UNMATCHED_NEW_MODEL,
6d4a7596-ed2f-47e2-8f45-40dcc26b7811,Content Manager OnDemand,IBM,10.5.0,windows,Packaged & Ready,true,2,available,{C340B086-FDCA-4FF6-A7FC-92F541299AC8},170.60 MB,IntunePackage.intunewin,,MATCHED_BASE_MODEL,title_5b72a49342d89ee8bbee
47567a01-b5f7-4757-8cfb-86ccc256215a,Control-M Client,BMC Software,9.0.21,windows,Packaged & Ready,true,2,available,,568.87 MB,Deploy-Application.intunewin,\\I7WP2EM3DST0001.fead.one\TempApplicationSource\BMCSoftware_Control,MATCHED_BASE_MODEL,title_8fa9f868484361669db2
f3221027-87e0-4c82-9bfc-a6f1153373ef,Control-M Conversion Tool,BMC Software,9.0.20,windows,Packaged & Ready,true,2,available,,270.20 MB,IntunePackage.intunewin,,MATCHED_BASE_MODEL,title_bf63312ad3131706627a
6c48c68b-c5b9-4d47-9fc0-bf82feb1f6a1,Conversions PCF Utility,Fiserv,2.5.0,windows,Packaged & Ready,true,2,available,{B8F58396-B2F4-4EE9-B263-62CEBC8F7E44},3.50 MB,IntunePackage.intunewin,,MATCHED_BASE_MODEL,title_2871953ec4e4fc82c2d2
5b97fc3e-7dbd-4f6e-93e6-f5f4c36c9a6a,CorelDRAW Graphics Suite,Corel,24.5.0,windows,Packaged & Ready,true,2,available,{1E4B5F2C-0532-4CDA-AFCD-674E9C37521E},1519.53 MB,IntunePackage.intunewin,,UNMATCHED_NEW_MODEL,
ea6e7bb4-f83c-473c-96ed-b2a290b5f9cf,Corp SecurePrint for Bangalore,Fiserv,2.3.0,windows,Packaged & Ready,true,2,available,,9.73 MB,Invoke-AppDeployToolkit.intunewin,\\I7WP2EM3DST0001.fead.one\TempApplicationSource\Fiserv_CorpSecurePrint_2.3,UNMATCHED_NEW_MODEL,
837e4049-8843-47b9-a34e-e20318c62932,Corp SecurePrint for Noida/ Gurugram,Fiserv,2.3.0,windows,Packaged & Ready,true,2,available,,9.73 MB,Invoke-AppDeployToolkit.intunewin,\\I7WP2EM3dst0001\TempApplicationSource\Fiserv_CorpSecurePrint2.3,UNMATCHED_NEW_MODEL,
53edd779-74be-4fc7-a92e-926ab63a9aa1,CPT,Barnes International,4.3.0.129 ,windows,Packaged & Ready,true,2,available,{F2C51010-583B-4AED-A52F-ACFC2C53EEDC},294.82 MB,Invoke-AppDeployToolkit.intunewin,\\I7WP2EM3DST0001.fead.one\ApplicationSource\BarnesInternational_CPTv4_4.3.0.129,MATCHED_BASE_MODEL,title_8dd8812e8ef52977e96c
2d409942-8a13-4667-9f1a-c782209c81b9,Creative Cloud,Adobe,5.10.0,windows,Packaged & Ready,true,2,available,,1161.92 MB,IntunePackage.intunewin,,MATCHED_BASE_MODEL,title_769447ba1075b79ce2bb
2f82a460-16e7-4213-bf3c-34d7836d6a5e,Crestron DM NVX Tool,CrestronElectronics,4.3.2,windows,Packaged & Ready,true,2,available,{F81810C5-074E-42CC-A245-0BA13775046B},8.94 MB,Deploy-Application.intunewin,,UNMATCHED_NEW_MODEL,
f4044cba-0a0e-4f13-97ba-75ba3ca62215,Crestron Remote,Crestron,1.11.00,windows,Packaged & Ready,true,2,available,{775A9108-C173-492A-BCD6-1CE9192302C7},19.95 MB,Deploy-Application.intunewin,,MATCHED_BASE_MODEL,title_617a5458959cef7e0cae
7a55e44e-aff0-4b1f-8233-6d42a0206bb4,Cross Domain Search App,Fiserv,1.0.1,windows,Packaged & Ready,true,3,available,,1.19 MB,IntunePackage.intunewin,,MATCHED_BASE_MODEL,title_29a2e59fd41e2c9ece28
83665784-863d-4369-a82a-0972495782fc,Crowdstrike Windows Sensor,CrowdStrike,7.33.20505,windows,Packaged & Ready,true,5,available;required,,120.12 MB,Invoke-AppDeployToolkit.intunewin,\\I7WP2EM3DST0001.fead.one\ApplicationSource\CrowdStrike_CrowdStrikeWindowsSensor_7.33.20505.0_v1.0,UNMATCHED_NEW_MODEL,
062d8b09-7154-482d-b69a-0cfaa57a0faa,Cryptocard Graphite card application,Crypto Tech,4.2.1,windows,Packaged & Ready,true,2,available,{B248A4F1-4C05-46E9-A305-F819F882E762},22.09 MB,Deploy-Application.intunewin,,UNMATCHED_NEW_MODEL,
084ff4dd-2a50-44e9-ad9e-1075a914782d,CryptoID Certificate Utility,LongmaiTechnology,2.3.24,windows,Packaged & Ready,true,2,available,,8.86 MB,Invoke-AppDeployToolkit.intunewin,,UNMATCHED_NEW_MODEL,
2279dfaf-6a6f-47d2-be25-bb9b78affec0,Crystal Reports for Enterprise,SAP,14.3.1,windows,Packaged & Ready,true,2,available,{0DE16B3B-9104-43AE-8083-BCD73D31A14F},1047.86 MB,IntunePackage.intunewin,,MATCHED_BASE_MODEL,title_2f2d55f41df7f6b6e722
d7c9c916-a995-4f0c-8f63-60cf584a94ea,CS-Cockpit,CS Software Consulting and Services,11.0.8,windows,Packaged & Ready,true,2,available,{3236797E-0058-4643-AE54-AD65A98D076E},8.87 MB,Deploy-Application.intunewin,,UNMATCHED_NEW_MODEL,
3ee8225b-de3b-4570-a46c-c4a95aede868,Cure Desktop,Fiserv,1.0.0,windows,Packaged & Ready,true,2,available,,0.50 MB,IntunePackage.intunewin,,MATCHED_BASE_MODEL,title_9bc226f24ceefdc56170
a162c330-2402-4e0b-ab35-828fad047856,Cure Engine,Fiserv,1.0,windows,Packaged & Ready,true,2,available,,1.62 MB,IntunePackage.intunewin,,MATCHED_BASE_MODEL,title_ff593214a57791348bad
a8c95239-1da1-4850-b95c-51fa22326607,Cyber Shield Dot Net,Fiserv,1.0.0,windows,Packaged & Ready,true,2,available,{663B23E9-696B-429D-B55F-A90B7F1A7A1C},80.72 MB,IntunePackage.intunewin,,MATCHED_BASE_MODEL,title_3da2503afb01aa51696b
010b3abf-6951-4ebd-9b07-07a8fafbbc71,CyberArk Bastion RDP,CyberArk,1.1,windows,Packaged & Ready,true,2,available,,0.30 MB,IntunePackage.intunewin,,MATCHED_BASE_MODEL,title_bb3e61fa63099f460c8f
d3744b74-a7b8-4bfd-b65a-1edfdb29c623,CyberArk_CyberArkEPM_25.12.0.2827,CyberArk,25.12.0.2827,windows,Packaged & Ready,true,15,required,,34.76 MB,Deploy-Application.intunewin,,UNMATCHED_NEW_MODEL,
8ebcaea1-e954-4a74-9f2c-53922067757a,CyberArk_CyberArkEPM_25.6.0.2589_SAW,CyberArk,25.6.0.2589,windows,Packaged & Ready,true,1,required,,33.40 MB,Deploy-Application.intunewin,,UNMATCHED_NEW_MODEL,
8672599f-ff7a-4061-a8e0-fd23d90457e9,Cycleview,Fiserv,2.6.0,windows,Packaged & Ready,true,2,available,,3.64 MB,Deploy-Application.intunewin,,MATCHED_BASE_MODEL,title_aa5b8182caad67d606c6
bcfe50db-bfeb-4cdf-b164-b877f9a9315c,Cygwin,Cygnus Solutions,3.4.9,windows,Packaged & Ready,true,2,available,,12.28 MB,Deploy-Application.intunewin,,MATCHED_BASE_MODEL,title_96beff6d845b1e239243
d2e69c86-3cd0-4d28-801a-5cb36af09e26,Cypher Shell,Neo4J,5.25.1,windows,Packaged & Ready,true,4,available,,38.38 MB,CypherShell_5.25.1.intunewin,,MATCHED_BASE_MODEL,title_12dc39909dbaa6a2157c
84facab2-8ccf-4407-af33-fa216eed64dc,Dante Controller,Audinate,4.16.1,windows,Packaged & Ready,true,2,available,{BC9997B0-6948-422E-A1A9-8E0AD663FD3B},915.02 MB,IntunePackage.intunewin,,MATCHED_BASE_MODEL,title_2949270b2296e9fadad4
e4d3a6fb-6423-468d-aa19-ee9f6225a05c,Data Compare,Fiserv,2.9.0,windows,Packaged & Ready,true,2,available,{31AD6414-DC8E-45AC-B2F6-883C1CC03F71},8.51 MB,IntunePackage.intunewin,,MATCHED_BASE_MODEL,title_4cc1ece47b4395d0487a
20b9f0f5-afc8-41eb-beb6-93ac722fed8e,Data Import ExcelAdd-in,Thomson Reuters,21.0.0,windows,Packaged & Ready,true,2,available,{A775D063-8E66-4B68-B8AD-1E0B8E8F9DE8},13.43 MB,Invoke-AppDeployToolkit.intunewin,,UNMATCHED_NEW_MODEL,
1fa769df-5f77-468c-b06b-8cceb183f933,Data Loader,Salesforce,65.0.0 ,windows,Packaged & Ready,true,2,available,,42.35 MB,Invoke-AppDeployToolkit.intunewin,\\I7WP2EM3DST0001.fead.one\ApplicationSource\Salesforce_Dataloader_65.0.0,UNMATCHED_NEW_MODEL,
f514d560-cfbb-42d3-9ce8-fe0e76695315,Databricks CLI,Databricks,0.212.4,windows,Packaged & Ready,true,2,available,,9.36 MB,IntunePackage.intunewin,,MATCHED_BASE_MODEL,title_5e669a7af42681cd58ab
0f356d0b-1cb0-46ea-9554-8279096ae126,DataLoad,JD Stuart,5.5.0,windows,Packaged & Ready,true,2,available,,1.96 MB,IntunePackage.intunewin,,MATCHED_BASE_MODEL,title_e16e5ed409ff69c6367b
7c887984-d27a-4d75-b5f6-6e0b89c6c953,DAX Studio,DAX,3.4.0,windows,Packaged & Ready,true,2,available,{CE2CEA93-9DD3-4724-8FE3-FCBF0A0915C1},14.95 MB,Deploy-Application.intunewin,\\I7WP2EM3dst0001\TempApplicationSource\DAXStudio_DAXStudio_3.4.0.1135,MATCHED_BASE_MODEL,title_e2adf8d4f06ce35cc446
c78146a9-fdb5-4872-ba19-b53f5c20446d,DB Browser for SQLite,DBBrowserforSQLiteTeam_,3.13.1,windows,Packaged & Ready,true,2,available,{541AE182-7C1D-426C-8155-4867303B75A4},18.89 MB,IntunePackage.intunewin,,UNMATCHED_NEW_MODEL,
40b5ecef-f396-4ff7-9785-5e13f39df6c4,DCC Scanner Driver Bundle,Wausau Financial,1.0.0,windows,Packaged & Ready,true,2,available,{29E98AE7-A193-40A1-BF4A-5B84B435E2DB},19.91 MB,IntunePackage.intunewin,,MATCHED_BASE_MODEL,title_7250796ce54470c65258
14fb3f45-cc22-409c-bcd9-119b6046125a,DDL,Verifone,2.0.0,windows,Packaged & Ready,true,2,available,,2.22 MB,IntunePackage.intunewin,,MATCHED_BASE_MODEL,title_ee8ee729949147dc540c
492502e6-e8ef-46d6-be04-d97c898e92b3,Dialer - Rapid Voltage Prerequisite,Fiserv,1.0.0,windows,Packaged & Ready,true,2,available,{64ABCE00-DA6D-498C-8E82-0E4498C8C9ED},12.07 MB,IntunePackage.intunewin,,UNMATCHED_NEW_MODEL,
cc994fa5-2453-4ee1-ab43-2f91dd664c4f,Dialer Workstation,Fiserv,5.3.22,windows,Packaged & Ready,true,2,available,,2.79 MB,Deploy-Application.intunewin,,MATCHED_BASE_MODEL,title_7b39065d46aacf9a066e
4f9ec355-4f9e-4ad9-bc7b-551a8680e312,DigiCert Certificate Utility,DigiCert,2.3.5,windows,Packaged & Ready,true,2,available,,2.37 MB,Deploy-Application.intunewin,,MATCHED_BASE_MODEL,title_0f218f64c40434d64354
7c011f34-881f-41b2-b4f7-9c4eb8facb6f,Dimensions CM Client,MicroFocus,14.6.0,windows,Packaged & Ready,true,3,available,{6A9EAE57-E5EE-48E6-A386-5F0743EDE446},143.56 MB,IntunePackage.intunewin,,UNMATCHED_NEW_MODEL,
2257331b-2b97-4fd7-a038-a5bb3a42a01f,Director,Fiserv,20.3.68,windows,Packaged & Ready,true,2,available,{42DAFBF0-941C-4511-826B-51AF3EBBEA38},592.01 MB,IntunePackage.intunewin,,MATCHED_BASE_MODEL,title_0db914ae82043bbd1209
25ec8654-8c16-4d76-8077-933c18b218b0,Directory Studio,Apache,2.0.0-M17,windows,Packaged & Ready,true,2,available,,134.21 MB,Deploy-Application.intunewin,,MATCHED_BASE_MODEL,title_d9d516498e869acd79b1
d42894b4-7193-4bf3-a3d6-1999ee58b08c,Display Manager,Dell,2.3.0.19,windows,Packaged & Ready,true,2,available,,69.80 MB,IntunePackage.intunewin,,MATCHED_BASE_MODEL,title_9de4b7fbb48b5de13f4f
654bbc93-a8f0-4302-84a5-a63c606564cc,DNA Api Editor,Fiserv,1.0.1,windows,Packaged & Ready,true,2,available,{18A4DBF6-9DC4-4F9C-889E-E5483D048E40},13.46 MB,IntunePackage.intunewin,,MATCHED_BASE_MODEL,title_cf87b2b807a9c054407d
81393e14-9262-4418-85be-59f13f523327,DNAcreator,Fiserv,25.2.20,windows,Packaged & Ready,true,2,available,{7AEDEF7D-FFB2-41D3-AC17-96B018BC9C68},27.26 MB,Deploy-Application.intunewin,\\I7WP2EM3dst0001\TempApplicationSource\Fiserv_DNACreator_25.2.20,MATCHED_BASE_MODEL,title_410dcfdeb3f8f13e8d2f
357c65c5-55e5-4ef0-a8ea-7d5ef885f996,DNAX Validator,Fiserv,2024.0.0,windows,Packaged & Ready,true,2,available,,14.70 MB,IntunePackage.intunewin,,MATCHED_BASE_MODEL,title_869fbe6cd8c9bc2f9c5e
653ddd8e-7ed9-44a7-8073-da5598929c53,DocBridge Workbench for,Compart AG,4.1.0,windows,Packaged & Ready,true,2,available,,449.19 MB,Invoke-AppDeployToolkit.intunewin,\\I7WP2EM3DST0001.fead.one\ApplicationSource\CompartAG_DocBridgeWorkbenchforPilot_4,MATCHED_BASE_MODEL,title_618273c4176ba93f0390
7ea021ed-2cf3-493a-843d-c247ba7c2c93,Docker Desktop,Docker,4.59.0,windows,Packaged & Ready,true,6,available,,597.39 MB,Invoke-AppDeployToolkit.intunewin,\\I7WP2EM3DST0001.fead.one\TempApplicationSource\Docker_DockerDesktop_4.59.0,MATCHED_BASE_MODEL,title_7df06d7949c3468aad2e
300a66ee-83ac-4b56-861b-9055f336cd0a,DocPlus Signature App,Fiserv,5.5.1.522,windows,Packaged & Ready,true,2,available,,121.35 MB,Deploy-Application.intunewin,,MATCHED_BASE_MODEL,title_5c97c5b430326083a872
383928d8-7e67-4d67-b922-761d7e1f4e1a,Document Direct,Mobius Management Systems,4.4.0,windows,Packaged & Ready,true,2,available,{DF23AB72-446D-4214-8AA7-9EE0D98C314D},106.48 MB,IntunePackage.intunewin,,UNMATCHED_NEW_MODEL,
7efa249e-6ec8-449b-ad95-4c337b0bbe13,Document Direct - UK,Mobius Management Systems,4.4.0,windows,Packaged & Ready,true,2,available,{DF23AB72-446D-4214-8AA7-9EE0D98C314D},106.48 MB,IntunePackage.intunewin,,UNMATCHED_NEW_MODEL,
0039b7e7-783f-42b0-9055-d119a728d2e9,Docusign PKI,Docusign,25.1.01,windows,Packaged & Ready,true,2,available,,32.48 MB,IntunePackage.intunewin,,MATCHED_BASE_MODEL,title_4fb0659ca2e09eedefbb
196d8040-3e08-4108-85cf-8b67c31b99e7,DriveMapper,Fiserv,1.1,windows,Packaged & Ready,true,2,available,,0.49 MB,Deploy-Application.intunewin,,MATCHED_BASE_MODEL,title_2703f1f2c60275b64c97
7a3e4a56-d479-4e11-b698-ae1d3c1ee844,Driver for ScanShell 800DX,GBG IDology,1.4.3,windows,Packaged & Ready,true,3,available,{35CAB2C5-3971-4C50-A493-7CB6FDFF7F34},2.47 MB,IntunePackage.intunewin,,UNMATCHED_NEW_MODEL,
9a98e13d-e2f2-41af-8431-233d75659908,DSTP Client Framework,Fiserv,3.0.0,windows,Packaged & Ready,true,2,available,{DA793CE0-F24E-46B5-A74C-1DFACFE5C337},17.15 MB,IntunePackage.intunewin,,MATCHED_BASE_MODEL,title_21d88cc284b19213257f
b82a344a-73aa-43ef-9071-92abac16c431,DTEX Forwarder for Desktop,DTEXSystems,6.3.1005,windows,Packaged & Ready,true,8,available;required,{B0C478C7-D020-4046-A5C3-D72439E2B8CD},50.70 MB,Invoke-AppDeployToolkit.intunewin,\\I7WP2EM3DST0001.fead.one\ApplicationSource\DTEXSystems_DTEXForwarder6.3.1_6.3.1005\Intune,UNMATCHED_NEW_MODEL,
f4d01d46-333e-4c3c-9cef-7c9471b333a6,Dump Analyzer,Fiserv,23.1.0,windows,Packaged & Ready,true,2,available,,1.20 MB,IntunePackage.intunewin,,MATCHED_BASE_MODEL,title_ea5a15926d24e8dc5bff
814e50d3-4cfc-48ba-bf96-97265931c368,Early Warning,Fiserv,1.0.0,windows,Packaged & Ready,true,2,available,,0.61 MB,IntunePackage.intunewin,,MATCHED_BASE_MODEL,title_bcca8f8a3314c3e9d687
b0daa0e3-0d55-40cf-ad09-6370d4436661,Easy-Mark Plus,Panduit,1.11.0,windows,Packaged & Ready,true,2,available,,347.99 MB,Invoke-AppDeployToolkit.intunewin,\\I7WP2EM3DST0001.fead.one\ApplicationSource\Panduit_Easy,MATCHED_BASE_MODEL,title_138a3927ebda21ce9337
20128d89-78c0-4973-bb37-7bf191121eda,emSigner,eMudhra Limited,2.0.0,windows,Packaged & Ready,true,3,available,{132E77F9-BA0A-40E1-ACAD-2834B2B6D1D9},6.53 MB,Deploy-Application.intunewin,,MATCHED_BASE_MODEL,title_0ddc796f93fc29ad6451
c9a034c1-dccc-47d1-b4f3-cd1c6d0cf4ff,ENGINAdm,M2Systems .,7.0.0,windows,Packaged & Ready,true,2,available,,11.28 MB,IntunePackage.intunewin,,UNMATCHED_NEW_MODEL,
6af611af-fa88-47f7-b9cf-ab1fcc83fef1,Epson Drivers and Utilites Combo,Epson,4.1.0,windows,Packaged & Ready,true,2,available,,417.80 MB,Invoke-AppDeployToolkit.intunewin,\\I7WP2EM3DST0001.fead.one\ApplicationSource\Epson_DriversandUtilitiesComboPackageInstaller_4.1.0\,MATCHED_BASE_MODEL,title_36108ce928fdb0acb5f1
ab4c4cdc-6927-4517-8380-1d29ff5f538c,EPSON Port Communication Service,SEIKOEPSONCORPORATION,3.28.0,windows,Packaged & Ready,true,2,available,,88.20 MB,Deploy-Application.intunewin,,UNMATCHED_NEW_MODEL,
0f1854e4-07a9-4131-acca-8f1ba236ee23,EPSON TMUSB Driver 800d,Epson,8.00.0,windows,Packaged & Ready,true,3,available,,10.30 MB,Invoke-AppDeployToolkit.intunewin,\\I7WP2EM3DST0001.fead.one\ApplicationSource\Epson_EPSONTMUSBDriver800d_8.00\Intune,MATCHED_BASE_MODEL,title_d5cd6ff3144894a3a2c3
78548e78-e2d8-4c05-af53-b0bc03142aa6,ERC TPRM Python Tool SIG,Fiserv,1.0.0,windows,Packaged & Ready,true,2,available,,112.99 MB,IntunePackage.intunewin,,MATCHED_BASE_MODEL,title_40414fa518f135338093
20cc0d6e-c044-42c2-8363-7445ff490284,ERC TPRM Python Tool SOC,Fiserv,1.0.0,windows,Packaged & Ready,true,2,available,,166.77 MB,IntunePackage.intunewin,,MATCHED_BASE_MODEL,title_c156ae8ed64b8bef9c11
a6447484-d45d-4a70-b263-98ebe24ae34c,Erlang OTP,EricssonAB,28.1.1,windows,Packaged & Ready,true,2,available,,141.74 MB,Deploy-Application.intunewin,,UNMATCHED_NEW_MODEL,
6b71987f-9000-45b3-bc9b-4e6b2222c2a1,ETC Helpdesk,Fiserv,7.2.0,windows,Packaged & Ready,true,2,available,,7.52 MB,Invoke-AppDeployToolkit.intunewin,\\I7WP2EM3DST0001.fead.one\ApplicationSource\Fiserv_ETCHelpdesk_7.2.0\Intune,MATCHED_BASE_MODEL,title_cac4df8ce873f8c7da86
da7e8a24-7a04-4f48-aaf4-7be8afbb3d3d,Evolution,Nexus,25.00.0001,windows,Packaged & Ready,true,2,available,{BC987698-119F-46F5-B4BA-AEB4DCAE01FA},255.35 MB,Deploy-Application.intunewin,,MATCHED_BASE_MODEL,title_90b61523ddff9196d869
b8215ec9-5455-4b4b-a7d0-e751018a206a,Exstream,OpenText,21.2.0,windows,Packaged & Ready,true,2,available,{6FBEB359-AAC6-48BF-BB7A-5DE368687EC9},350.65 MB,IntunePackage.intunewin,,UNMATCHED_NEW_MODEL,
cdeeedfe-a87b-4e11-a5d3-177326f19a36,Exstream AFP Viewer,Open Text,6.0.008,windows,Packaged & Ready,true,2,available,,8.04 MB,IntunePackage.intunewin,,UNMATCHED_NEW_MODEL,
c17901a0-3796-4ca1-9d7d-1c3d0d9cbed9,Extractor,Fiserv,2.1.14,windows,Packaged & Ready,true,2,available,,1.06 MB,IntunePackage.intunewin,,MATCHED_BASE_MODEL,title_65330868e18d8ba643cd
39816a26-e5ac-47c8-bb9c-9eb7749ae493,ezPiv Card,Vanguard Integrity Professionals,2.5.04,windows,Packaged & Ready,true,3,available,{E9661F94-FA72-45D8-83F2-643251BFF59C},4.97 MB,IntunePackage.intunewin,,MATCHED_BASE_MODEL,title_bb1803d53fe023402636
673b84ee-6a3c-4bc5-b4a5-937e1ad57e7c,Fiddler Classic,Progress Software,5.0.20243,windows,Packaged & Ready,true,2,available,,4.93 MB,IntunePackage.intunewin,,UNMATCHED_NEW_MODEL,
5eb208ad-2807-4c9f-a78d-7f3144d121ef,FileLocator Pro,Mythicsoft,3406_9.2.3406,windows,Packaged & Ready,true,2,available,{E7CA8C01-AA78-49AD-B795-F0A12E4DD9CA},73.93 MB,Deploy-Application.intunewin,,UNMATCHED_NEW_MODEL,
b2aa57b9-4b9b-4048-9c7f-9e7a9990a897,Fime Connector,FIME,5.9.0,windows,Packaged & Ready,true,2,available,{92D05971-86CC-49A3-BEBE-AC1FF6531FFB},215.87 MB,Deploy-Application.intunewin,,MATCHED_BASE_MODEL,title_ea900c556de192f70c68
34a92d20-9db6-4cfe-8d5a-8b3eacde6781,Fime CRE,fime,5.0.0,windows,Packaged & Ready,true,2,available,,185.87 MB,Deploy-Application.intunewin,,MATCHED_BASE_MODEL,title_fc361222441bd96d24d0
e13ff282-7943-4883-aba8-6b0b28e7116b,Firma Digital OFB,BancoGalicia,1.0.7,windows,Packaged & Ready,true,3,available,{95474856-F6D8-4CDB-A223-BC5D46DEDE2D},15.70 MB,IntunePackage.intunewin,,UNMATCHED_NEW_MODEL,
5acf46f2-67b1-4b30-ba35-ba106a49c0c0,First Disputes Track Bundle,Fiserv,6.32.016,windows,Packaged & Ready,true,2,available,{34C86758-7351-4D22-B84B-FFA3F00ED8FC},68.72 MB,IntunePackage.intunewin,,UNMATCHED_NEW_MODEL,
00e57b3e-f91e-466a-9b1b-2739b1971eb9,FlaUInspect,Github,3.0.0,windows,Packaged & Ready,true,2,available,,13.69 MB,Invoke-AppDeployToolkit.intunewin,\\I7WP2EM3DST0001.fead.one\ApplicationSource\Github_FlaUInspect_3.0.0\,MATCHED_BASE_MODEL,title_18ece180ef6ffb402389
4b72e4e4-1e2f-4f6c-815c-af8b6b5e0d73,Fontlab 8,FontLab,8.3.0,windows,Packaged & Ready,true,2,available,{F7851B69-FE71-44D2-9698-7E9BF5AF390F},104.48 MB,IntunePackage.intunewin,,MATCHED_BASE_MODEL,title_36349e947815f68a6293
694d2b67-a883-40d8-8dda-c136885e687a,Fortify SAST,OpenText,26.1.0,windows,Packaged & Ready,true,2,available,,1181.57 MB,Invoke-AppDeployToolkit.intunewin,\\I7WP2EM3DST0001.fead.one\ApplicationSource\OpenText_StaticApplicationSecurityTestingFortify_26.1.0,UNMATCHED_NEW_MODEL,
4289ff45-e3e0-4b0e-9643-b6ad61ef066e,Fortify SCA,OpenText,25.3.0,windows,Packaged & Ready,true,2,available,,974.07 MB,IntunePackage.intunewin,,UNMATCHED_NEW_MODEL,
87e0f749-b427-4c7d-b161-275b552f668f,Fortify Webinspect Macro Recorder,OpenText,25.2.0,windows,Packaged & Ready,true,2,available,{2C5AF0C5-8509-42B6-B381-7B4865D9E053},185.00 MB,Deploy-Application.intunewin,,UNMATCHED_NEW_MODEL,
5085762a-61f3-4272-8f32-10101430d7b3,Foundry Datasets ODBC Driver,Palantir,3.5.0,windows,Packaged & Ready,true,2,available,{26CCC48D-AD79-4019-A89A-586F3CF49E4D},23.28 MB,IntunePackage.intunewin,,MATCHED_BASE_MODEL,title_e529d3bbb650baae54de
fb88fbab-f094-49c5-bf52-59dbee811ece,FrameMaker 2022,Adobe,17.0.5,windows,Packaged & Ready,true,2,available,,3506.43 MB,Deploy-Application.intunewin,,UNMATCHED_NEW_MODEL,
70e0397d-a65c-4e3c-bfce-e95a0a597525,Fraud Detection Work Center,FirstData,6.25.1.54,windows,Packaged & Ready,true,2,available,{F9561991-CC3B-40D1-83A6-3F6E249FE87D},30.90 MB,IntunePackage.intunewin,,UNMATCHED_NEW_MODEL,
bfef4b66-357b-4fa0-80ee-1bbbad14ce5c,Garbage Collection and Memory Visualizer,IBM,2.8.7,windows,Packaged & Ready,true,2,available,,94.94 MB,IntunePackage.intunewin,,MATCHED_BASE_MODEL,title_4955fd6910333b34c60c
6e1ee5b0-ad43-4f1d-a4f1-5d8296348cd0,Gatling,Gatling,3.10.3,windows,Packaged & Ready,true,2,available,,71.43 MB,IntunePackage.intunewin,,MATCHED_BASE_MODEL,title_6baa92673975a3681c99
f5fd3712-13b5-4b81-af56-012c251b14cc,Genesys Configuration Manager,Genesys,8.1.101,windows,Packaged & Ready,true,2,available,,28.26 MB,IntunePackage.intunewin,,MATCHED_BASE_MODEL,title_a2eb5ea1d539fa8537aa
434d6a5b-90da-4fe8-ace5-a405c12e612b,Genesys Satellite,Fiserv,1.8.3,windows,Packaged & Ready,true,2,available,,27.32 MB,Deploy-Application.intunewin,,MATCHED_BASE_MODEL,title_96a5546a8482a8615d51
fc0a9885-56d4-4215-8e73-d7d98e029635,Genesys Softphone,Fiserv,3.0.5,windows,Packaged & Ready,true,2,available,{B3FB85AF-6E42-41AE-BCAF-47C311F9845D},19.04 MB,IntunePackage.intunewin,,MATCHED_BASE_MODEL,title_0f3f3daa1d61bb196af4
f8174cda-56b7-475f-92bb-89ef19f20edd,GeneXus 16,GeneXus,16.0.11,windows,Packaged & Ready,true,4,available,,1022.93 MB,Deploy-Application.intunewin,,UNMATCHED_NEW_MODEL,
f10993d6-c2c5-4216-aedf-32d53487191d,GeneXus 18,GeneXus,18.0.13,windows,Packaged & Ready,true,2,available,,1384.15 MB,Deploy-Application.intunewin,,UNMATCHED_NEW_MODEL,
a00a9090-5386-4c8d-a6d4-b613cd76cb17,GIMP,The GIMP Team,3.0.2,windows,Packaged & Ready,true,2,available,,374.70 MB,Deploy-Application.intunewin,,MATCHED_BASE_MODEL,title_b4ea0ac8d0abf41a2cc3
436a7ba2-1ca1-49ea-9b77-1f1ebb7ddccb,GlobalProtect,Palo Alto Networks,6.2.8,windows,Packaged & Ready,true,4,available,,59.95 MB,Deploy-Application.intunewin,,MATCHED_BASE_MODEL,title_81abfc9be7ca035ef9b4
9afda14f-e556-4b01-9fe0-6b6fcf2fb0b0,GNU Make,Free Software Foundation,3.81,windows,Packaged & Ready,true,2,available,,2.24 MB,IntunePackage.intunewin,,MATCHED_BASE_MODEL,title_05af34de0015bb0a737c
fca6bd8c-d4e0-428c-85e8-a2fa2417c1f6,Go Lang,Google,1.22.5,windows,Packaged & Ready,false,0,,{5781DE7C-B66B-4369-9E53-61A3F3F45281},59.06 MB,IntunePackage.intunewin,,UNMATCHED_NEW_MODEL,
710b69da-e847-4104-9961-8d2325baac26,GoTo Resolve Agent Desktop Console,Go To,1.9.1,windows,Packaged & Ready,true,2,available,{7E2E2AF3-9BAF-4C76-8F8B-8BEE9937F9FE},115.53 MB,IntunePackage.intunewin,,MATCHED_BASE_MODEL,title_561d9bf979088682c6b6
101b07fd-d44a-40e4-9974-dbcfb53c7526,Gradle,Gradle,8.14.2,windows,Packaged & Ready,true,2,available,,131.51 MB,IntunePackage.intunewin,,UNMATCHED_NEW_MODEL,
cca2dcd5-099d-4046-985d-e9b1c4b1528c,Grafana k6,GrafanaLabs,1.6.1,windows,Packaged & Ready,true,2,available,,39.79 MB,Invoke-AppDeployToolkit.intunewin,\\I7WP2EM3DST0001.fead.one\ApplicationSource\GrafanaLabsOSSCommunity_Grafanak6_1.6.1\Intune,UNMATCHED_NEW_MODEL,
85cc392d-a74f-439b-a5a6-0dbad4090d01,Graphical Development Environment,AbInitio,4.3.1,windows,Packaged & Ready,true,2,available,{A48EEA35-A97E-4044-AD63-AE6A036D8891},236.74 MB,Deploy-Application.intunewin,,UNMATCHED_NEW_MODEL,
9c2cdb8a-4915-4713-82c5-f87516c7606c,GSplit,G.D.G. Software,3.0.1,windows,Packaged & Ready,true,3,available,,1.94 MB,IntunePackage.intunewin,,UNMATCHED_NEW_MODEL,
8198aeef-5f8b-4031-946d-1df4bafcfc13,GUI QAUTILITIES,Fiserv,3.2.0,windows,Packaged & Ready,true,2,available,,9.54 MB,IntunePackage.intunewin,,MATCHED_BASE_MODEL,title_1d153f4d9883ea29af02
dc0c893a-fe23-42b3-ac1c-e117bba6fa61,HeidiSQL,Ansgar Becker,12.11.0,windows,Packaged & Ready,true,2,available,,17.03 MB,Deploy-Application.intunewin,,MATCHED_BASE_MODEL,title_c570d926ff7a940d432e
6c38b56c-9baf-450f-a30b-00f29aba8e8a,Helm 4 Kubernetes,CNCF,3.18.6,windows,Packaged & Ready,true,2,available,,20.34 MB,Deploy-Application.intunewin,,MATCHED_BASE_MODEL,title_535231fd96a2b0e643c0
5cf03b55-dfc0-463e-ad2c-d3b9dc1958c2,HxD Hex Editor,MaelHorz,2.5,windows,Packaged & Ready,true,3,available,,3.48 MB,IntunePackage.intunewin,,UNMATCHED_NEW_MODEL,
c77fafe4-27bc-463a-a311-fde30547deff,i Access Client Solutions,IBM,1.1.9.8,windows,Packaged & Ready,true,2,available,,145.17 MB,Deploy-Application 2.intunewin,,MATCHED_BASE_MODEL,title_5c5a47b4c341b425b210
66b57fb4-0fa9-47a6-8169-f49c07b20e57,I-32 Forms Design,Fiserv,12.0.1,windows,Packaged & Ready,true,2,available,{3157DC0A-576D-46AB-A9ED-B13BA19B50B2},43.07 MB,IntunePackage.intunewin,,MATCHED_BASE_MODEL,title_9b53496fbcd0a4b0d50a
f3301105-6919-4e32-9dcd-4395a911a0b6,IAP Desktop,Google,2.39.1348,windows,Packaged & Ready,true,2,available,{3ECCD77C-D518-41E6-8204-F2FDD3DF8322},3.74 MB,Deploy-Application.intunewin,,MATCHED_BASE_MODEL,title_4adec0df5fe02d9cdb85
1a7ce72f-b355-4487-8aad-cae72a04aa6d,IBM Data Server Client,IBM,12.1.2000,windows,Packaged & Ready,true,2,available,,2971.38 MB,Deploy-Application.intunewin,,MATCHED_BASE_MODEL,title_6aca0add1b9909c0589e
0e42e1be-75b4-4e16-842e-f65e7e10aea0,IBM DB2 Data Server Driver,IBM,11.5.8,windows,Packaged & Ready,true,2,available,{2DA404DF-1F99-4B81-8916-EA4DF6525D8E},1444.29 MB,Deploy-Application.intunewin,,MATCHED_BASE_MODEL,title_3c0d504a57200128850b
07b3d4f6-e52f-4e12-aea2-a74207aa50da,IBM Sterling Transformation Extender Design Studio,IBM,10.1.2,windows,Packaged & Ready,true,2,available,,1087.15 MB,IntunePackage.intunewin,,MATCHED_BASE_MODEL,title_fed5f63c99184984e5ad
860b0073-ec50-4e32-9be0-0b7832d2ab07,IBM Z Connectivity Mapping Tool,IBM,1.0.2,windows,Packaged & Ready,true,2,available,,115.55 MB,IntunePackage.intunewin,,MATCHED_BASE_MODEL,title_e42c945b8c07dd831b9c
092bdf31-fe2c-4f11-91b9-633aa959bc44,ICCSimTMat for Fiserv,ICC Solutions,4.135.3-4.601.17,windows,Packaged & Ready,true,2,available,{B157FB6A-11BF-49AC-9AD2-798A0F31ED1C},144.79 MB,Invoke-AppDeployToolkit.intunewin,\\I7WP2EM3DST0001.fead.one\ApplicationSource\ICCSolutionsLimited_ICCSimTMatforFiserv_4.135.3,MATCHED_BASE_MODEL,title_ca2aa783cafa261b065f