DateKey,Date,Year,MonthName,MonthNumber,Quarter,DayName,ISOWeek
20250101,2025-01-01,2025,January,1,Q1,Wednesday,1
20250102,2025-01-02,2025,January,1,Q1,Thursday,1
20250103,2025-01-03,2025,January,1,Q1,Friday,1
20250104,2025-01-04,2025,January,1,Q1,Saturday,1
20250105,2025-01-05,2025,January,1,Q1,Sunday,1
20250106,2025-01-06,2025,January,1,Q1,Monday,2
20250107,2025-01-07,2025,January,1,Q1,Tuesday,2
20250108,2025-01-08,2025,January,1,Q1,Wednesday,2
20250109,2025-01-09,2025,January,1,Q1,Thursday,2
20250110,2025-01-10,2025,January,1,Q1,Friday,2
20250111,2025-01-11,2025,January,1,Q1,Saturday,2
20250112,2025-01-12,2025,January,1,Q1,Sunday,2
20250113,2025-01-13,2025,January,1,Q1,Monday,3
20250114,2025-01-14,2025,January,1,Q1,Tuesday,3
20250115,2025-01-15,2025,January,1,Q1,Wednesday,3
20250116,2025-01-16,2025,January,1,Q1,Thursday,3
20250117,2025-01-17,2025,January,1,Q1,Friday,3
20250118,2025-01-18,2025,January,1,Q1,Saturday,3
20250119,2025-01-19,2025,January,1,Q1,Sunday,3
20250120,2025-01-20,2025,January,1,Q1,Monday,4
20250121,2025-01-21,2025,January,1,Q1,Tuesday,4
20250122,2025-01-22,2025,January,1,Q1,Wednesday,4
20250123,2025-01-23,2025,January,1,Q1,Thursday,4
20250124,2025-01-24,2025,January,1,Q1,Friday,4
20250125,2025-01-25,2025,January,1,Q1,Saturday,4
20250126,2025-01-26,2025,January,1,Q1,Sunday,4
20250127,2025-01-27,2025,January,1,Q1,Monday,5
20250128,2025-01-28,2025,January,1,Q1,Tuesday,5
20250129,2025-01-29,2025,January,1,Q1,Wednesday,5
20250130,2025-01-30,2025,January,1,Q1,Thursday,5
20250131,2025-01-31,2025,January,1,Q1,Friday,5
20250201,2025-02-01,2025,February,2,Q1,Saturday,5
20250202,2025-02-02,2025,February,2,Q1,Sunday,5
20250203,2025-02-03,2025,February,2,Q1,Monday,6
20250204,2025-02-04,2025,February,2,Q1,Tuesday,6
20250205,2025-02-05,2025,February,2,Q1,Wednesday,6
20250206,2025-02-06,2025,February,2,Q1,Thursday,6
20250207,2025-02-07,2025,February,2,Q1,Friday,6
20250208,2025-02-08,2025,February,2,Q1,Saturday,6
20250209,2025-02-09,2025,February,2,Q1,Sunday,6
20250210,2025-02-10,2025,February,2,Q1,Monday,7
20250211,2025-02-11,2025,February,2,Q1,Tuesday,7
20250212,2025-02-12,2025,February,2,Q1,Wednesday,7
20250213,2025-02-13,2025,February,2,Q1,Thursday,7
20250214,2025-02-14,2025,February,2,Q1,Friday,7
20250215,2025-02-15,2025,February,2,Q1,Saturday,7
20250216,2025-02-16,2025,February,2,Q1,Sunday,7
20250217,2025-02-17,2025,February,2,Q1,Monday,8
20250218,2025-02-18,2025,February,2,Q1,Tuesday,8
20250219,2025-02-19,2025,February,2,Q1,Wednesday,8
20250220,2025-02-20,2025,February,2,Q1,Thursday,8
20250221,2025-02-21,2025,February,2,Q1,Friday,8
20250222,2025-02-22,2025,February,2,Q1,Saturday,8
20250223,2025-02-23,2025,February,2,Q1,Sunday,8
20250224,2025-02-24,2025,February,2,Q1,Monday,9
20250225,2025-02-25,2025,February,2,Q1,Tuesday,9
20250226,2025-02-26,2025,February,2,Q1,Wednesday,9
20250227,2025-02-27,2025,February,2,Q1,Thursday,9
20250228,2025-02-28,2025,February,2,Q1,Friday,9
20250301,2025-03-01,2025,March,3,Q1,Saturday,9
20250302,2025-03-02,2025,March,3,Q1,Sunday,9
20250303,2025-03-03,2025,March,3,Q1,Monday,10
20250304,2025-03-04,2025,March,3,Q1,Tuesday,10
20250305,2025-03-05,2025,March,3,Q1,Wednesday,10
20250306,2025-03-06,2025,March,3,Q1,Thursday,10
20250307,2025-03-07,2025,March,3,Q1,Friday,10
20250308,2025-03-08,2025,March,3,Q1,Saturday,10
20250309,2025-03-09,2025,March,3,Q1,Sunday,10
20250310,2025-03-10,2025,March,3,Q1,Monday,11
20250311,2025-03-11,2025,March,3,Q1,Tuesday,11
20250312,2025-03-12,2025,March,3,Q1,Wednesday,11
20250313,2025-03-13,2025,March,3,Q1,Thursday,11
20250314,2025-03-14,2025,March,3,Q1,Friday,11
20250315,2025-03-15,2025,March,3,Q1,Saturday,11
20250316,2025-03-16,2025,March,3,Q1,Sunday,11
20250317,2025-03-17,2025,March,3,Q1,Monday,12
20250318,2025-03-18,2025,March,3,Q1,Tuesday,12
20250319,2025-03-19,2025,March,3,Q1,Wednesday,12
20250320,2025-03-20,2025,March,3,Q1,Thursday,12
20250321,2025-03-21,2025,March,3,Q1,Friday,12
20250322,2025-03-22,2025,March,3,Q1,Saturday,12
20250323,2025-03-23,2025,March,3,Q1,Sunday,12
20250324,2025-03-24,2025,March,3,Q1,Monday,13
20250325,2025-03-25,2025,March,3,Q1,Tuesday,13
20250326,2025-03-26,2025,March,3,Q1,Wednesday,13
20250327,2025-03-27,2025,March,3,Q1,Thursday,13
20250328,2025-03-28,2025,March,3,Q1,Friday,13
20250329,2025-03-29,2025,March,3,Q1,Saturday,13
20250330,2025-03-30,2025,March,3,Q1,Sunday,13
20250331,2025-03-31,2025,March,3,Q1,Monday,14
20250401,2025-04-01,2025,April,4,Q2,Tuesday,14
20250402,2025-04-02,2025,April,4,Q2,Wednesday,14
20250403,2025-04-03,2025,April,4,Q2,Thursday,14
20250404,2025-04-04,2025,April,4,Q2,Friday,14
20250405,2025-04-05,2025,April,4,Q2,Saturday,14
20250406,2025-04-06,2025,April,4,Q2,Sunday,14
20250407,2025-04-07,2025,April,4,Q2,Monday,15
20250408,2025-04-08,2025,April,4,Q2,Tuesday,15
20250409,2025-04-09,2025,April,4,Q2,Wednesday,15
20250410,2025-04-10,2025,April,4,Q2,Thursday,15
20250411,2025-04-11,2025,April,4,Q2,Friday,15
20250412,2025-04-12,2025,April,4,Q2,Saturday,15
20250413,2025-04-13,2025,April,4,Q2,Sunday,15
20250414,2025-04-14,2025,April,4,Q2,Monday,16
20250415,2025-04-15,2025,April,4,Q2,Tuesday,16
20250416,2025-04-16,2025,April,4,Q2,Wednesday,16
20250417,2025-04-17,2025,April,4,Q2,Thursday,16
20250418,2025-04-18,2025,April,4,Q2,Friday,16
20250419,2025-04-19,2025,April,4,Q2,Saturday,16
20250420,2025-04-20,2025,April,4,Q2,Sunday,16
20250421,2025-04-21,2025,April,4,Q2,Monday,17
20250422,2025-04-22,2025,April,4,Q2,Tuesday,17
20250423,2025-04-23,2025,April,4,Q2,Wednesday,17
20250424,2025-04-24,2025,April,4,Q2,Thursday,17
20250425,2025-04-25,2025,April,4,Q2,Friday,17
20250426,2025-04-26,2025,April,4,Q2,Saturday,17
20250427,2025-04-27,2025,April,4,Q2,Sunday,17
20250428,2025-04-28,2025,April,4,Q2,Monday,18
20250429,2025-04-29,2025,April,4,Q2,Tuesday,18
20250430,2025-04-30,2025,April,4,Q2,Wednesday,18
20250501,2025-05-01,2025,May,5,Q2,Thursday,18
20250502,2025-05-02,2025,May,5,Q2,Friday,18
20250503,2025-05-03,2025,May,5,Q2,Saturday,18
20250504,2025-05-04,2025,May,5,Q2,Sunday,18
20250505,2025-05-05,2025,May,5,Q2,Monday,19
20250506,2025-05-06,2025,May,5,Q2,Tuesday,19
20250507,2025-05-07,2025,May,5,Q2,Wednesday,19
20250508,2025-05-08,2025,May,5,Q2,Thursday,19
20250509,2025-05-09,2025,May,5,Q2,Friday,19
20250510,2025-05-10,2025,May,5,Q2,Saturday,19
20250511,2025-05-11,2025,May,5,Q2,Sunday,19
20250512,2025-05-12,2025,May,5,Q2,Monday,20
20250513,2025-05-13,2025,May,5,Q2,Tuesday,20
20250514,2025-05-14,2025,May,5,Q2,Wednesday,20
20250515,2025-05-15,2025,May,5,Q2,Thursday,20
20250516,2025-05-16,2025,May,5,Q2,Friday,20
20250517,2025-05-17,2025,May,5,Q2,Saturday,20
20250518,2025-05-18,2025,May,5,Q2,Sunday,20
20250519,2025-05-19,2025,May,5,Q2,Monday,21
20250520,2025-05-20,2025,May,5,Q2,Tuesday,21
20250521,2025-05-21,2025,May,5,Q2,Wednesday,21
20250522,2025-05-22,2025,May,5,Q2,Thursday,21
20250523,2025-05-23,2025,May,5,Q2,Friday,21
20250524,2025-05-24,2025,May,5,Q2,Saturday,21
20250525,2025-05-25,2025,May,5,Q2,Sunday,21
20250526,2025-05-26,2025,May,5,Q2,Monday,22
20250527,2025-05-27,2025,May,5,Q2,Tuesday,22
20250528,2025-05-28,2025,May,5,Q2,Wednesday,22
20250529,2025-05-29,2025,May,5,Q2,Thursday,22
20250530,2025-05-30,2025,May,5,Q2,Friday,22
20250531,2025-05-31,2025,May,5,Q2,Saturday,22
20250601,2025-06-01,2025,June,6,Q2,Sunday,22
20250602,2025-06-02,2025,June,6,Q2,Monday,23
20250603,2025-06-03,2025,June,6,Q2,Tuesday,23
20250604,2025-06-04,2025,June,6,Q2,Wednesday,23
20250605,2025-06-05,2025,June,6,Q2,Thursday,23
20250606,2025-06-06,2025,June,6,Q2,Friday,23
20250607,2025-06-07,2025,June,6,Q2,Saturday,23
20250608,2025-06-08,2025,June,6,Q2,Sunday,23
20250609,2025-06-09,2025,June,6,Q2,Monday,24
20250610,2025-06-10,2025,June,6,Q2,Tuesday,24
20250611,2025-06-11,2025,June,6,Q2,Wednesday,24
20250612,2025-06-12,2025,June,6,Q2,Thursday,24
20250613,2025-06-13,2025,June,6,Q2,Friday,24
20250614,2025-06-14,2025,June,6,Q2,Saturday,24
20250615,2025-06-15,2025,June,6,Q2,Sunday,24
20250616,2025-06-16,2025,June,6,Q2,Monday,25
20250617,2025-06-17,2025,June,6,Q2,Tuesday,25
20250618,2025-06-18,2025,June,6,Q2,Wednesday,25
20250619,2025-06-19,2025,June,6,Q2,Thursday,25
20250620,2025-06-20,2025,June,6,Q2,Friday,25
20250621,2025-06-21,2025,June,6,Q2,Saturday,25
20250622,2025-06-22,2025,June,6,Q2,Sunday,25
20250623,2025-06-23,2025,June,6,Q2,Monday,26
20250624,2025-06-24,2025,June,6,Q2,Tuesday,26
20250625,2025-06-25,2025,June,6,Q2,Wednesday,26
20250626,2025-06-26,2025,June,6,Q2,Thursday,26
20250627,2025-06-27,2025,June,6,Q2,Friday,26
20250628,2025-06-28,2025,June,6,Q2,Saturday,26
20250629,2025-06-29,2025,June,6,Q2,Sunday,26
20250630,2025-06-30,2025,June,6,Q2,Monday,27
20250701,2025-07-01,2025,July,7,Q3,Tuesday,27
20250702,2025-07-02,2025,July,7,Q3,Wednesday,27
20250703,2025-07-03,2025,July,7,Q3,Thursday,27
20250704,2025-07-04,2025,July,7,Q3,Friday,27
20250705,2025-07-05,2025,July,7,Q3,Saturday,27
20250706,2025-07-06,2025,July,7,Q3,Sunday,27
20250707,2025-07-07,2025,July,7,Q3,Monday,28
20250708,2025-07-08,2025,July,7,Q3,Tuesday,28
20250709,2025-07-09,2025,July,7,Q3,Wednesday,28
20250710,2025-07-10,2025,July,7,Q3,Thursday,28
20250711,2025-07-11,2025,July,7,Q3,Friday,28
20250712,2025-07-12,2025,July,7,Q3,Saturday,28
20250713,2025-07-13,2025,July,7,Q3,Sunday,28
20250714,2025-07-14,2025,July,7,Q3,Monday,29
20250715,2025-07-15,2025,July,7,Q3,Tuesday,29
20250716,2025-07-16,2025,July,7,Q3,Wednesday,29
20250717,2025-07-17,2025,July,7,Q3,Thursday,29
20250718,2025-07-18,2025,July,7,Q3,Friday,29
20250719,2025-07-19,2025,July,7,Q3,Saturday,29
20250720,2025-07-20,2025,July,7,Q3,Sunday,29
20250721,2025-07-21,2025,July,7,Q3,Monday,30
20250722,2025-07-22,2025,July,7,Q3,Tuesday,30
20250723,2025-07-23,2025,July,7,Q3,Wednesday,30
20250724,2025-07-24,2025,July,7,Q3,Thursday,30
20250725,2025-07-25,2025,July,7,Q3,Friday,30
20250726,2025-07-26,2025,July,7,Q3,Saturday,30
20250727,2025-07-27,2025,July,7,Q3,Sunday,30
20250728,2025-07-28,2025,July,7,Q3,Monday,31
20250729,2025-07-29,2025,July,7,Q3,Tuesday,31
20250730,2025-07-30,2025,July,7,Q3,Wednesday,31
20250731,2025-07-31,2025,July,7,Q3,Thursday,31
20250801,2025-08-01,2025,August,8,Q3,Friday,31
20250802,2025-08-02,2025,August,8,Q3,Saturday,31
20250803,2025-08-03,2025,August,8,Q3,Sunday,31
20250804,2025-08-04,2025,August,8,Q3,Monday,32
20250805,2025-08-05,2025,August,8,Q3,Tuesday,32
20250806,2025-08-06,2025,August,8,Q3,Wednesday,32
20250807,2025-08-07,2025,August,8,Q3,Thursday,32
20250808,2025-08-08,2025,August,8,Q3,Friday,32
20250809,2025-08-09,2025,August,8,Q3,Saturday,32
20250810,2025-08-10,2025,August,8,Q3,Sunday,32
20250811,2025-08-11,2025,August,8,Q3,Monday,33
20250812,2025-08-12,2025,August,8,Q3,Tuesday,33
20250813,2025-08-13,2025,August,8,Q3,Wednesday,33
20250814,2025-08-14,2025,August,8,Q3,Thursday,33
20250815,2025-08-15,2025,August,8,Q3,Friday,33
20250816,2025-08-16,2025,August,8,Q3,Saturday,33
20250817,2025-08-17,2025,August,8,Q3,Sunday,33
20250818,2025-08-18,2025,August,8,Q3,Monday,34
20250819,2025-08-19,2025,August,8,Q3,Tuesday,34
20250820,2025-08-20,2025,August,8,Q3,Wednesday,34
20250821,2025-08-21,2025,August,8,Q3,Thursday,34
20250822,2025-08-22,2025,August,8,Q3,Friday,34
20250823,2025-08-23,2025,August,8,Q3,Saturday,34
20250824,2025-08-24,2025,August,8,Q3,Sunday,34
20250825,2025-08-25,2025,August,8,Q3,Monday,35
20250826,2025-08-26,2025,August,8,Q3,Tuesday,35
20250827,2025-08-27,2025,August,8,Q3,Wednesday,35
20250828,2025-08-28,2025,August,8,Q3,Thursday,35
20250829,2025-08-29,2025,August,8,Q3,Friday,35
20250830,2025-08-30,2025,August,8,Q3,Saturday,35
20250831,2025-08-31,2025,August,8,Q3,Sunday,35
20250901,2025-09-01,2025,September,9,Q3,Monday,36
20250902,2025-09-02,2025,September,9,Q3,Tuesday,36
20250903,2025-09-03,2025,September,9,Q3,Wednesday,36
20250904,2025-09-04,2025,September,9,Q3,Thursday,36
20250905,2025-09-05,2025,September,9,Q3,Friday,36
20250906,2025-09-06,2025,September,9,Q3,Saturday,36
20250907,2025-09-07,2025,September,9,Q3,Sunday,36
20250908,2025-09-08,2025,September,9,Q3,Monday,37
20250909,2025-09-09,2025,September,9,Q3,Tuesday,37
20250910,2025-09-10,2025,September,9,Q3,Wednesday,37
20250911,2025-09-11,2025,September,9,Q3,Thursday,37
20250912,2025-09-12,2025,September,9,Q3,Friday,37
20250913,2025-09-13,2025,September,9,Q3,Saturday,37
20250914,2025-09-14,2025,September,9,Q3,Sunday,37
20250915,2025-09-15,2025,September,9,Q3,Monday,38
20250916,2025-09-16,2025,September,9,Q3,Tuesday,38
20250917,2025-09-17,2025,September,9,Q3,Wednesday,38
20250918,2025-09-18,2025,September,9,Q3,Thursday,38
20250919,2025-09-19,2025,September,9,Q3,Friday,38
20250920,2025-09-20,2025,September,9,Q3,Saturday,38
20250921,2025-09-21,2025,September,9,Q3,Sunday,38
20250922,2025-09-22,2025,September,9,Q3,Monday,39
20250923,2025-09-23,2025,September,9,Q3,Tuesday,39
20250924,2025-09-24,2025,September,9,Q3,Wednesday,39
20250925,2025-09-25,2025,September,9,Q3,Thursday,39
20250926,2025-09-26,2025,September,9,Q3,Friday,39
20250927,2025-09-27,2025,September,9,Q3,Saturday,39
20250928,2025-09-28,2025,September,9,Q3,Sunday,39
20250929,2025-09-29,2025,September,9,Q3,Monday,40
20250930,2025-09-30,2025,September,9,Q3,Tuesday,40
20251001,2025-10-01,2025,October,10,Q4,Wednesday,40
20251002,2025-10-02,2025,October,10,Q4,Thursday,40
20251003,2025-10-03,2025,October,10,Q4,Friday,40
20251004,2025-10-04,2025,October,10,Q4,Saturday,40
20251005,2025-10-05,2025,October,10,Q4,Sunday,40
20251006,2025-10-06,2025,October,10,Q4,Monday,41
20251007,2025-10-07,2025,October,10,Q4,Tuesday,41
20251008,2025-10-08,2025,October,10,Q4,Wednesday,41
20251009,2025-10-09,2025,October,10,Q4,Thursday,41
20251010,2025-10-10,2025,October,10,Q4,Friday,41
20251011,2025-10-11,2025,October,10,Q4,Saturday,41
20251012,2025-10-12,2025,October,10,Q4,Sunday,41
20251013,2025-10-13,2025,October,10,Q4,Monday,42
20251014,2025-10-14,2025,October,10,Q4,Tuesday,42
20251015,2025-10-15,2025,October,10,Q4,Wednesday,42
20251016,2025-10-16,2025,October,10,Q4,Thursday,42
20251017,2025-10-17,2025,October,10,Q4,Friday,42
20251018,2025-10-18,2025,October,10,Q4,Saturday,42
20251019,2025-10-19,2025,October,10,Q4,Sunday,42
20251020,2025-10-20,2025,October,10,Q4,Monday,43
20251021,2025-10-21,2025,October,10,Q4,Tuesday,43
20251022,2025-10-22,2025,October,10,Q4,Wednesday,43
20251023,2025-10-23,2025,October,10,Q4,Thursday,43
20251024,2025-10-24,2025,October,10,Q4,Friday,43
20251025,2025-10-25,2025,October,10,Q4,Saturday,43
20251026,2025-10-26,2025,October,10,Q4,Sunday,43
20251027,2025-10-27,2025,October,10,Q4,Monday,44
20251028,2025-10-28,2025,October,10,Q4,Tuesday,44
20251029,2025-10-29,2025,October,10,Q4,Wednesday,44
20251030,2025-10-30,2025,October,10,Q4,Thursday,44
20251031,2025-10-31,2025,October,10,Q4,Friday,44
20251101,2025-11-01,2025,November,11,Q4,Saturday,44
20251102,2025-11-02,2025,November,11,Q4,Sunday,44
20251103,2025-11-03,2025,November,11,Q4,Monday,45
20251104,2025-11-04,2025,November,11,Q4,Tuesday,45
20251105,2025-11-05,2025,November,11,Q4,Wednesday,45
20251106,2025-11-06,2025,November,11,Q4,Thursday,45
20251107,2025-11-07,2025,November,11,Q4,Friday,45
20251108,2025-11-08,2025,November,11,Q4,Saturday,45
20251109,2025-11-09,2025,November,11,Q4,Sunday,45
20251110,2025-11-10,2025,November,11,Q4,Monday,46
20251111,2025-11-11,2025,November,11,Q4,Tuesday,46
20251112,2025-11-12,2025,November,11,Q4,Wednesday,46
20251113,2025-11-13,2025,November,11,Q4,Thursday,46
20251114,2025-11-14,2025,November,11,Q4,Friday,46
20251115,2025-11-15,2025,November,11,Q4,Saturday,46
20251116,2025-11-16,2025,November,11,Q4,Sunday,46
20251117,2025-11-17,2025,November,11,Q4,Monday,47
20251118,2025-11-18,2025,November,11,Q4,Tuesday,47
20251119,2025-11-19,2025,November,11,Q4,Wednesday,47
20251120,2025-11-20,2025,November,11,Q4,Thursday,47
20251121,2025-11-21,2025,November,11,Q4,Friday,47
20251122,2025-11-22,2025,November,11,Q4,Saturday,47
20251123,2025-11-23,2025,November,11,Q4,Sunday,47
20251124,2025-11-24,2025,November,11,Q4,Monday,48
20251125,2025-11-25,2025,November,11,Q4,Tuesday,48
20251126,2025-11-26,2025,November,11,Q4,Wednesday,48
20251127,2025-11-27,2025,November,11,Q4,Thursday,48
20251128,2025-11-28,2025,November,11,Q4,Friday,48
20251129,2025-11-29,2025,November,11,Q4,Saturday,48
20251130,2025-11-30,2025,November,11,Q4,Sunday,48
20251201,2025-12-01,2025,December,12,Q4,Monday,49
20251202,2025-12-02,2025,December,12,Q4,Tuesday,49
20251203,2025-12-03,2025,December,12,Q4,Wednesday,49
20251204,2025-12-04,2025,December,12,Q4,Thursday,49
20251205,2025-12-05,2025,December,12,Q4,Friday,49
20251206,2025-12-06,2025,December,12,Q4,Saturday,49
20251207,2025-12-07,2025,December,12,Q4,Sunday,49
20251208,2025-12-08,2025,December,12,Q4,Monday,50
20251209,2025-12-09,2025,December,12,Q4,Tuesday,50
20251210,2025-12-10,2025,December,12,Q4,Wednesday,50
20251211,2025-12-11,2025,December,12,Q4,Thursday,50
20251212,2025-12-12,2025,December,12,Q4,Friday,50
20251213,2025-12-13,2025,December,12,Q4,Saturday,50
20251214,2025-12-14,2025,December,12,Q4,Sunday,50
20251215,2025-12-15,2025,December,12,Q4,Monday,51
20251216,2025-12-16,2025,December,12,Q4,Tuesday,51
20251217,2025-12-17,2025,December,12,Q4,Wednesday,51
20251218,2025-12-18,2025,December,12,Q4,Thursday,51
20251219,2025-12-19,2025,December,12,Q4,Friday,51
20251220,2025-12-20,2025,December,12,Q4,Saturday,51
20251221,2025-12-21,2025,December,12,Q4,Sunday,51
20251222,2025-12-22,2025,December,12,Q4,Monday,52
20251223,2025-12-23,2025,December,12,Q4,Tuesday,52
20251224,2025-12-24,2025,December,12,Q4,Wednesday,52
20251225,2025-12-25,2025,December,12,Q4,Thursday,52
20251226,2025-12-26,2025,December,12,Q4,Friday,52
20251227,2025-12-27,2025,December,12,Q4,Saturday,52
20251228,2025-12-28,2025,December,12,Q4,Sunday,52
20251229,2025-12-29,2025,December,12,Q4,Monday,1
20251230,2025-12-30,2025,December,12,Q4,Tuesday,1
20251231,2025-12-31,2025,December,12,Q4,Wednesday,1
20260101,2026-01-01,2026,January,1,Q1,Thursday,1
20260102,2026-01-02,2026,January,1,Q1,Friday,1
20260103,2026-01-03,2026,January,1,Q1,Saturday,1
20260104,2026-01-04,2026,January,1,Q1,Sunday,1
20260105,2026-01-05,2026,January,1,Q1,Monday,2
20260106,2026-01-06,2026,January,1,Q1,Tuesday,2
20260107,2026-01-07,2026,January,1,Q1,Wednesday,2
20260108,2026-01-08,2026,January,1,Q1,Thursday,2
20260109,2026-01-09,2026,January,1,Q1,Friday,2
20260110,2026-01-10,2026,January,1,Q1,Saturday,2
20260111,2026-01-11,2026,January,1,Q1,Sunday,2
20260112,2026-01-12,2026,January,1,Q1,Monday,3
20260113,2026-01-13,2026,January,1,Q1,Tuesday,3
20260114,2026-01-14,2026,January,1,Q1,Wednesday,3
20260115,2026-01-15,2026,January,1,Q1,Thursday,3
20260116,2026-01-16,2026,January,1,Q1,Friday,3
20260117,2026-01-17,2026,January,1,Q1,Saturday,3
20260118,2026-01-18,2026,January,1,Q1,Sunday,3
20260119,2026-01-19,2026,January,1,Q1,Monday,4
20260120,2026-01-20,2026,January,1,Q1,Tuesday,4
20260121,2026-01-21,2026,January,1,Q1,Wednesday,4
20260122,2026-01-22,2026,January,1,Q1,Thursday,4
20260123,2026-01-23,2026,January,1,Q1,Friday,4
20260124,2026-01-24,2026,January,1,Q1,Saturday,4
20260125,2026-01-25,2026,January,1,Q1,Sunday,4
20260126,2026-01-26,2026,January,1,Q1,Monday,5
20260127,2026-01-27,2026,January,1,Q1,Tuesday,5
20260128,2026-01-28,2026,January,1,Q1,Wednesday,5
20260129,2026-01-29,2026,January,1,Q1,Thursday,5
20260130,2026-01-30,2026,January,1,Q1,Friday,5
20260131,2026-01-31,2026,January,1,Q1,Saturday,5
20260201,2026-02-01,2026,February,2,Q1,Sunday,5
20260202,2026-02-02,2026,February,2,Q1,Monday,6
20260203,2026-02-03,2026,February,2,Q1,Tuesday,6
20260204,2026-02-04,2026,February,2,Q1,Wednesday,6
20260205,2026-02-05,2026,February,2,Q1,Thursday,6
20260206,2026-02-06,2026,February,2,Q1,Friday,6
20260207,2026-02-07,2026,February,2,Q1,Saturday,6
20260208,2026-02-08,2026,February,2,Q1,Sunday,6
20260209,2026-02-09,2026,February,2,Q1,Monday,7
20260210,2026-02-10,2026,February,2,Q1,Tuesday,7
20260211,2026-02-11,2026,February,2,Q1,Wednesday,7
20260212,2026-02-12,2026,February,2,Q1,Thursday,7
20260213,2026-02-13,2026,February,2,Q1,Friday,7
20260214,2026-02-14,2026,February,2,Q1,Saturday,7
20260215,2026-02-15,2026,February,2,Q1,Sunday,7
20260216,2026-02-16,2026,February,2,Q1,Monday,8
20260217,2026-02-17,2026,February,2,Q1,Tuesday,8
20260218,2026-02-18,2026,February,2,Q1,Wednesday,8
20260219,2026-02-19,2026,February,2,Q1,Thursday,8
20260220,2026-02-20,2026,February,2,Q1,Friday,8
20260221,2026-02-21,2026,February,2,Q1,Saturday,8
20260222,2026-02-22,2026,February,2,Q1,Sunday,8
20260223,2026-02-23,2026,February,2,Q1,Monday,9
20260224,2026-02-24,2026,February,2,Q1,Tuesday,9
20260225,2026-02-25,2026,February,2,Q1,Wednesday,9
20260226,2026-02-26,2026,February,2,Q1,Thursday,9
20260227,2026-02-27,2026,February,2,Q1,Friday,9
20260228,2026-02-28,2026,February,2,Q1,Saturday,9
20260301,2026-03-01,2026,March,3,Q1,Sunday,9
20260302,2026-03-02,2026,March,3,Q1,Monday,10
20260303,2026-03-03,2026,March,3,Q1,Tuesday,10
20260304,2026-03-04,2026,March,3,Q1,Wednesday,10
20260305,2026-03-05,2026,March,3,Q1,Thursday,10
20260306,2026-03-06,2026,March,3,Q1,Friday,10
20260307,2026-03-07,2026,March,3,Q1,Saturday,10
20260308,2026-03-08,2026,March,3,Q1,Sunday,10
20260309,2026-03-09,2026,March,3,Q1,Monday,11
20260310,2026-03-10,2026,March,3,Q1,Tuesday,11
20260311,2026-03-11,2026,March,3,Q1,Wednesday,11
20260312,2026-03-12,2026,March,3,Q1,Thursday,11
20260313,2026-03-13,2026,March,3,Q1,Friday,11
20260314,2026-03-14,2026,March,3,Q1,Saturday,11
20260315,2026-03-15,2026,March,3,Q1,Sunday,11
20260316,2026-03-16,2026,March,3,Q1,Monday,12
20260317,2026-03-17,2026,March,3,Q1,Tuesday,12
20260318,2026-03-18,2026,March,3,Q1,Wednesday,12
20260319,2026-03-19,2026,March,3,Q1,Thursday,12
20260320,2026-03-20,2026,March,3,Q1,Friday,12
20260321,2026-03-21,2026,March,3,Q1,Saturday,12
20260322,2026-03-22,2026,March,3,Q1,Sunday,12
20260323,2026-03-23,2026,March,3,Q1,Monday,13
20260324,2026-03-24,2026,March,3,Q1,Tuesday,13
20260325,2026-03-25,2026,March,3,Q1,Wednesday,13
20260326,2026-03-26,2026,March,3,Q1,Thursday,13
20260327,2026-03-27,2026,March,3,Q1,Friday,13
20260328,2026-03-28,2026,March,3,Q1,Saturday,13
20260329,2026-03-29,2026,March,3,Q1,Sunday,13
20260330,2026-03-30,2026,March,3,Q1,Monday,14
20260331,2026-03-31,2026,March,3,Q1,Tuesday,14
20260401,2026-04-01,2026,April,4,Q2,Wednesday,14
20260402,2026-04-02,2026,April,4,Q2,Thursday,14
20260403,2026-04-03,2026,April,4,Q2,Friday,14
20260404,2026-04-04,2026,April,4,Q2,Saturday,14
20260405,2026-04-05,2026,April,4,Q2,Sunday,14
20260406,2026-04-06,2026,April,4,Q2,Monday,15
20260407,2026-04-07,2026,April,4,Q2,Tuesday,15
20260408,2026-04-08,2026,April,4,Q2,Wednesday,15
20260409,2026-04-09,2026,April,4,Q2,Thursday,15
20260410,2026-04-10,2026,April,4,Q2,Friday,15
20260411,2026-04-11,2026,April,4,Q2,Saturday,15
20260412,2026-04-12,2026,April,4,Q2,Sunday,15
20260413,2026-04-13,2026,April,4,Q2,Monday,16
20260414,2026-04-14,2026,April,4,Q2,Tuesday,16
20260415,2026-04-15,2026,April,4,Q2,Wednesday,16
20260416,2026-04-16,2026,April,4,Q2,Thursday,16
20260417,2026-04-17,2026,April,4,Q2,Friday,16
20260418,2026-04-18,2026,April,4,Q2,Saturday,16
20260419,2026-04-19,2026,April,4,Q2,Sunday,16
20260420,2026-04-20,2026,April,4,Q2,Monday,17
20260421,2026-04-21,2026,April,4,Q2,Tuesday,17
20260422,2026-04-22,2026,April,4,Q2,Wednesday,17
20260423,2026-04-23,2026,April,4,Q2,Thursday,17
20260424,2026-04-24,2026,April,4,Q2,Friday,17
20260425,2026-04-25,2026,April,4,Q2,Saturday,17
20260426,2026-04-26,2026,April,4,Q2,Sunday,17
20260427,2026-04-27,2026,April,4,Q2,Monday,18
20260428,2026-04-28,2026,April,4,Q2,Tuesday,18
20260429,2026-04-29,2026,April,4,Q2,Wednesday,18
20260430,2026-04-30,2026,April,4,Q2,Thursday,18
20260501,2026-05-01,2026,May,5,Q2,Friday,18
20260502,2026-05-02,2026,May,5,Q2,Saturday,18
20260503,2026-05-03,2026,May,5,Q2,Sunday,18
20260504,2026-05-04,2026,May,5,Q2,Monday,19
20260505,2026-05-05,2026,May,5,Q2,Tuesday,19
20260506,2026-05-06,2026,May,5,Q2,Wednesday,19
20260507,2026-05-07,2026,May,5,Q2,Thursday,19
20260508,2026-05-08,2026,May,5,Q2,Friday,19
20260509,2026-05-09,2026,May,5,Q2,Saturday,19
20260510,2026-05-10,2026,May,5,Q2,Sunday,19
20260511,2026-05-11,2026,May,5,Q2,Monday,20
20260512,2026-05-12,2026,May,5,Q2,Tuesday,20
20260513,2026-05-13,2026,May,5,Q2,Wednesday,20
20260514,2026-05-14,2026,May,5,Q2,Thursday,20
20260515,2026-05-15,2026,May,5,Q2,Friday,20
20260516,2026-05-16,2026,May,5,Q2,Saturday,20
20260517,2026-05-17,2026,May,5,Q2,Sunday,20
20260518,2026-05-18,2026,May,5,Q2,Monday,21
20260519,2026-05-19,2026,May,5,Q2,Tuesday,21
20260520,2026-05-20,2026,May,5,Q2,Wednesday,21
20260521,2026-05-21,2026,May,5,Q2,Thursday,21
20260522,2026-05-22,2026,May,5,Q2,Friday,21
20260523,2026-05-23,2026,May,5,Q2,Saturday,21
20260524,2026-05-24,2026,May,5,Q2,Sunday,21
20260525,2026-05-25,2026,May,5,Q2,Monday,22
20260526,2026-05-26,2026,May,5,Q2,Tuesday,22
20260527,2026-05-27,2026,May,5,Q2,Wednesday,22
20260528,2026-05-28,2026,May,5,Q2,Thursday,22
20260529,2026-05-29,2026,May,5,Q2,Friday,22
20260530,2026-05-30,2026,May,5,Q2,Saturday,22
20260531,2026-05-31,2026,May,5,Q2,Sunday,22
20260601,2026-06-01,2026,June,6,Q2,Monday,23
20260602,2026-06-02,2026,June,6,Q2,Tuesday,23
20260603,2026-06-03,2026,June,6,Q2,Wednesday,23
20260604,2026-06-04,2026,June,6,Q2,Thursday,23
20260605,2026-06-05,2026,June,6,Q2,Friday,23
20260606,2026-06-06,2026,June,6,Q2,Saturday,23
20260607,2026-06-07,2026,June,6,Q2,Sunday,23
20260608,2026-06-08,2026,June,6,Q2,Monday,24
20260609,2026-06-09,2026,June,6,Q2,Tuesday,24
20260610,2026-06-10,2026,June,6,Q2,Wednesday,24
20260611,2026-06-11,2026,June,6,Q2,Thursday,24
20260612,2026-06-12,2026,June,6,Q2,Friday,24
20260613,2026-06-13,2026,June,6,Q2,Saturday,24
20260614,2026-06-14,2026,June,6,Q2,Sunday,24
20260615,2026-06-15,2026,June,6,Q2,Monday,25
20260616,2026-06-16,2026,June,6,Q2,Tuesday,25
20260617,2026-06-17,2026,June,6,Q2,Wednesday,25
20260618,2026-06-18,2026,June,6,Q2,Thursday,25
20260619,2026-06-19,2026,June,6,Q2,Friday,25
20260620,2026-06-20,2026,June,6,Q2,Saturday,25
20260621,2026-06-21,2026,June,6,Q2,Sunday,25
20260622,2026-06-22,2026,June,6,Q2,Monday,26
20260623,2026-06-23,2026,June,6,Q2,Tuesday,26
20260624,2026-06-24,2026,June,6,Q2,Wednesday,26
20260625,2026-06-25,2026,June,6,Q2,Thursday,26
20260626,2026-06-26,2026,June,6,Q2,Friday,26
20260627,2026-06-27,2026,June,6,Q2,Saturday,26
20260628,2026-06-28,2026,June,6,Q2,Sunday,26
20260629,2026-06-29,2026,June,6,Q2,Monday,27
20260630,2026-06-30,2026,June,6,Q2,Tuesday,27
20260701,2026-07-01,2026,July,7,Q3,Wednesday,27
20260702,2026-07-02,2026,July,7,Q3,Thursday,27
20260703,2026-07-03,2026,July,7,Q3,Friday,27
20260704,2026-07-04,2026,July,7,Q3,Saturday,27
20260705,2026-07-05,2026,July,7,Q3,Sunday,27
20260706,2026-07-06,2026,July,7,Q3,Monday,28
20260707,2026-07-07,2026,July,7,Q3,Tuesday,28
20260708,2026-07-08,2026,July,7,Q3,Wednesday,28
20260709,2026-07-09,2026,July,7,Q3,Thursday,28
20260710,2026-07-10,2026,July,7,Q3,Friday,28
20260711,2026-07-11,2026,July,7,Q3,Saturday,28
20260712,2026-07-12,2026,July,7,Q3,Sunday,28
20260713,2026-07-13,2026,July,7,Q3,Monday,29
20260714,2026-07-14,2026,July,7,Q3,Tuesday,29
20260715,2026-07-15,2026,July,7,Q3,Wednesday,29
20260716,2026-07-16,2026,July,7,Q3,Thursday,29
20260717,2026-07-17,2026,July,7,Q3,Friday,29
20260718,2026-07-18,2026,July,7,Q3,Saturday,29
20260719,2026-07-19,2026,July,7,Q3,Sunday,29
20260720,2026-07-20,2026,July,7,Q3,Monday,30
20260721,2026-07-21,2026,July,7,Q3,Tuesday,30
20260722,2026-07-22,2026,July,7,Q3,Wednesday,30
20260723,2026-07-23,2026,July,7,Q3,Thursday,30
20260724,2026-07-24,2026,July,7,Q3,Friday,30
20260725,2026-07-25,2026,July,7,Q3,Saturday,30
20260726,2026-07-26,2026,July,7,Q3,Sunday,30
20260727,2026-07-27,2026,July,7,Q3,Monday,31
20260728,2026-07-28,2026,July,7,Q3,Tuesday,31
20260729,2026-07-29,2026,July,7,Q3,Wednesday,31
20260730,2026-07-30,2026,July,7,Q3,Thursday,31
20260731,2026-07-31,2026,July,7,Q3,Friday,31
20260801,2026-08-01,2026,August,8,Q3,Saturday,31
20260802,2026-08-02,2026,August,8,Q3,Sunday,31
20260803,2026-08-03,2026,August,8,Q3,Monday,32
20260804,2026-08-04,2026,August,8,Q3,Tuesday,32
20260805,2026-08-05,2026,August,8,Q3,Wednesday,32
20260806,2026-08-06,2026,August,8,Q3,Thursday,32
20260807,2026-08-07,2026,August,8,Q3,Friday,32
20260808,2026-08-08,2026,August,8,Q3,Saturday,32
20260809,2026-08-09,2026,August,8,Q3,Sunday,32
20260810,2026-08-10,2026,August,8,Q3,Monday,33
20260811,2026-08-11,2026,August,8,Q3,Tuesday,33
20260812,2026-08-12,2026,August,8,Q3,Wednesday,33
20260813,2026-08-13,2026,August,8,Q3,Thursday,33
20260814,2026-08-14,2026,August,8,Q3,Friday,33
20260815,2026-08-15,2026,August,8,Q3,Saturday,33
20260816,2026-08-16,2026,August,8,Q3,Sunday,33
20260817,2026-08-17,2026,August,8,Q3,Monday,34
20260818,2026-08-18,2026,August,8,Q3,Tuesday,34
20260819,2026-08-19,2026,August,8,Q3,Wednesday,34
20260820,2026-08-20,2026,August,8,Q3,Thursday,34
20260821,2026-08-21,2026,August,8,Q3,Friday,34
20260822,2026-08-22,2026,August,8,Q3,Saturday,34
20260823,2026-08-23,2026,August,8,Q3,Sunday,34
20260824,2026-08-24,2026,August,8,Q3,Monday,35
20260825,2026-08-25,2026,August,8,Q3,Tuesday,35
20260826,2026-08-26,2026,August,8,Q3,Wednesday,35
20260827,2026-08-27,2026,August,8,Q3,Thursday,35
20260828,2026-08-28,2026,August,8,Q3,Friday,35
20260829,2026-08-29,2026,August,8,Q3,Saturday,35
20260830,2026-08-30,2026,August,8,Q3,Sunday,35
20260831,2026-08-31,2026,August,8,Q3,Monday,36
20260901,2026-09-01,2026,September,9,Q3,Tuesday,36
20260902,2026-09-02,2026,September,9,Q3,Wednesday,36
20260903,2026-09-03,2026,September,9,Q3,Thursday,36
20260904,2026-09-04,2026,September,9,Q3,Friday,36
20260905,2026-09-05,2026,September,9,Q3,Saturday,36
20260906,2026-09-06,2026,September,9,Q3,Sunday,36
20260907,2026-09-07,2026,September,9,Q3,Monday,37
20260908,2026-09-08,2026,September,9,Q3,Tuesday,37
20260909,2026-09-09,2026,September,9,Q3,Wednesday,37
20260910,2026-09-10,2026,September,9,Q3,Thursday,37
20260911,2026-09-11,2026,September,9,Q3,Friday,37
20260912,2026-09-12,2026,September,9,Q3,Saturday,37
20260913,2026-09-13,2026,September,9,Q3,Sunday,37
20260914,2026-09-14,2026,September,9,Q3,Monday,38
20260915,2026-09-15,2026,September,9,Q3,Tuesday,38
20260916,2026-09-16,2026,September,9,Q3,Wednesday,38
20260917,2026-09-17,2026,September,9,Q3,Thursday,38
20260918,2026-09-18,2026,September,9,Q3,Friday,38
20260919,2026-09-19,2026,September,9,Q3,Saturday,38
20260920,2026-09-20,2026,September,9,Q3,Sunday,38
20260921,2026-09-21,2026,September,9,Q3,Monday,39
20260922,2026-09-22,2026,September,9,Q3,Tuesday,39
20260923,2026-09-23,2026,September,9,Q3,Wednesday,39
20260924,2026-09-24,2026,September,9,Q3,Thursday,39
20260925,2026-09-25,2026,September,9,Q3,Friday,39
20260926,2026-09-26,2026,September,9,Q3,Saturday,39
20260927,2026-09-27,2026,September,9,Q3,Sunday,39
20260928,2026-09-28,2026,September,9,Q3,Monday,40
20260929,2026-09-29,2026,September,9,Q3,Tuesday,40
20260930,2026-09-30,2026,September,9,Q3,Wednesday,40
20261001,2026-10-01,2026,October,10,Q4,Thursday,40
20261002,2026-10-02,2026,October,10,Q4,Friday,40
20261003,2026-10-03,2026,October,10,Q4,Saturday,40
20261004,2026-10-04,2026,October,10,Q4,Sunday,40
20261005,2026-10-05,2026,October,10,Q4,Monday,41
20261006,2026-10-06,2026,October,10,Q4,Tuesday,41
20261007,2026-10-07,2026,October,10,Q4,Wednesday,41
20261008,2026-10-08,2026,October,10,Q4,Thursday,41
20261009,2026-10-09,2026,October,10,Q4,Friday,41
20261010,2026-10-10,2026,October,10,Q4,Saturday,41
20261011,2026-10-11,2026,October,10,Q4,Sunday,41
20261012,2026-10-12,2026,October,10,Q4,Monday,42
20261013,2026-10-13,2026,October,10,Q4,Tuesday,42
20261014,2026-10-14,2026,October,10,Q4,Wednesday,42
20261015,2026-10-15,2026,October,10,Q4,Thursday,42
20261016,2026-10-16,2026,October,10,Q4,Friday,42
20261017,2026-10-17,2026,October,10,Q4,Saturday,42
20261018,2026-10-18,2026,October,10,Q4,Sunday,42
20261019,2026-10-19,2026,October,10,Q4,Monday,43
20261020,2026-10-20,2026,October,10,Q4,Tuesday,43
20261021,2026-10-21,2026,October,10,Q4,Wednesday,43
20261022,2026-10-22,2026,October,10,Q4,Thursday,43
20261023,2026-10-23,2026,October,10,Q4,Friday,43
20261024,2026-10-24,2026,October,10,Q4,Saturday,43
20261025,2026-10-25,2026,October,10,Q4,Sunday,43
20261026,2026-10-26,2026,October,10,Q4,Monday,44
20261027,2026-10-27,2026,October,10,Q4,Tuesday,44
20261028,2026-10-28,2026,October,10,Q4,Wednesday,44
20261029,2026-10-29,2026,October,10,Q4,Thursday,44
20261030,2026-10-30,2026,October,10,Q4,Friday,44
20261031,2026-10-31,2026,October,10,Q4,Saturday,44
20261101,2026-11-01,2026,November,11,Q4,Sunday,44
20261102,2026-11-02,2026,November,11,Q4,Monday,45
20261103,2026-11-03,2026,November,11,Q4,Tuesday,45
20261104,2026-11-04,2026,November,11,Q4,Wednesday,45
20261105,2026-11-05,2026,November,11,Q4,Thursday,45
20261106,2026-11-06,2026,November,11,Q4,Friday,45
20261107,2026-11-07,2026,November,11,Q4,Saturday,45
20261108,2026-11-08,2026,November,11,Q4,Sunday,45
20261109,2026-11-09,2026,November,11,Q4,Monday,46
20261110,2026-11-10,2026,November,11,Q4,Tuesday,46
20261111,2026-11-11,2026,November,11,Q4,Wednesday,46
20261112,2026-11-12,2026,November,11,Q4,Thursday,46
20261113,2026-11-13,2026,November,11,Q4,Friday,46
20261114,2026-11-14,2026,November,11,Q4,Saturday,46
20261115,2026-11-15,2026,November,11,Q4,Sunday,46
20261116,2026-11-16,2026,November,11,Q4,Monday,47
20261117,2026-11-17,2026,November,11,Q4,Tuesday,47
20261118,2026-11-18,2026,November,11,Q4,Wednesday,47
20261119,2026-11-19,2026,November,11,Q4,Thursday,47
20261120,2026-11-20,2026,November,11,Q4,Friday,47
20261121,2026-11-21,2026,November,11,Q4,Saturday,47
20261122,2026-11-22,2026,November,11,Q4,Sunday,47
20261123,2026-11-23,2026,November,11,Q4,Monday,48
20261124,2026-11-24,2026,November,11,Q4,Tuesday,48
20261125,2026-11-25,2026,November,11,Q4,Wednesday,48
20261126,2026-11-26,2026,November,11,Q4,Thursday,48
20261127,2026-11-27,2026,November,11,Q4,Friday,48
20261128,2026-11-28,2026,November,11,Q4,Saturday,48
20261129,2026-11-29,2026,November,11,Q4,Sunday,48
20261130,2026-11-30,2026,November,11,Q4,Monday,49
20261201,2026-12-01,2026,December,12,Q4,Tuesday,49
20261202,2026-12-02,2026,December,12,Q4,Wednesday,49
20261203,2026-12-03,2026,December,12,Q4,Thursday,49
20261204,2026-12-04,2026,December,12,Q4,Friday,49
20261205,2026-12-05,2026,December,12,Q4,Saturday,49
20261206,2026-12-06,2026,December,12,Q4,Sunday,49
20261207,2026-12-07,2026,December,12,Q4,Monday,50
20261208,2026-12-08,2026,December,12,Q4,Tuesday,50
20261209,2026-12-09,2026,December,12,Q4,Wednesday,50
20261210,2026-12-10,2026,December,12,Q4,Thursday,50
20261211,2026-12-11,2026,December,12,Q4,Friday,50
20261212,2026-12-12,2026,December,12,Q4,Saturday,50
20261213,2026-12-13,2026,December,12,Q4,Sunday,50
20261214,2026-12-14,2026,December,12,Q4,Monday,51
20261215,2026-12-15,2026,December,12,Q4,Tuesday,51
20261216,2026-12-16,2026,December,12,Q4,Wednesday,51
20261217,2026-12-17,2026,December,12,Q4,Thursday,51
20261218,2026-12-18,2026,December,12,Q4,Friday,51
20261219,2026-12-19,2026,December,12,Q4,Saturday,51
20261220,2026-12-20,2026,December,12,Q4,Sunday,51
20261221,2026-12-21,2026,December,12,Q4,Monday,52
20261222,2026-12-22,2026,December,12,Q4,Tuesday,52
20261223,2026-12-23,2026,December,12,Q4,Wednesday,52
20261224,2026-12-24,2026,December,12,Q4,Thursday,52
20261225,2026-12-25,2026,December,12,Q4,Friday,52
20261226,2026-12-26,2026,December,12,Q4,Saturday,52
20261227,2026-12-27,2026,December,12,Q4,Sunday,52
20261228,2026-12-28,2026,December,12,Q4,Monday,53
20261229,2026-12-29,2026,December,12,Q4,Tuesday,53
20261230,2026-12-30,2026,December,12,Q4,Wednesday,53
20261231,2026-12-31,2026,December,12,Q4,Thursday,53
